GWAS_ID,RplD_G70D,RplD_G68-A72_other_mutations
SRR1661153,0,0
SRR1661154,0,0
SRR1661155,0,0
SRR1661156,0,0
SRR1661157,0,0
SRR1661158,0,0
SRR1661159,0,0
SRR1661161,0,0
SRR1661162,0,0
SRR1661163,0,0
SRR1661164,0,0
SRR1661165,0,0
SRR1661166,0,0
SRR1661167,0,0
SRR1661169,0,0
SRR1661171,0,0
SRR1661172,0,0
SRR1661173,0,0
SRR1661174,0,0
SRR1661177,0,0
SRR1661179,0,0
SRR1661180,0,0
SRR1661181,0,1
SRR1661182,0,1
SRR1661183,1,0
SRR1661184,0,0
SRR1661185,0,0
SRR1661187,0,0
SRR1661190,0,0
SRR1661191,0,0
SRR1661192,0,0
SRR1661193,0,0
SRR1661194,0,0
SRR1661195,0,0
SRR1661199,0,0
SRR1661200,0,0
SRR1661201,0,0
SRR1661202,0,0
SRR1661203,0,0
SRR1661206,0,0
SRR1661209,0,0
SRR1661210,0,0
SRR1661211,0,0
SRR1661214,0,0
SRR1661215,0,0
SRR1661218,0,0
SRR1661224,0,0
SRR1661225,0,0
SRR1661226,0,0
SRR1661228,0,0
SRR1661230,0,0
SRR1661231,0,0
SRR1661233,0,0
SRR1661234,0,0
SRR1661235,0,0
SRR1661236,0,0
SRR1661237,0,0
SRR1661238,0,0
SRR1661239,0,0
SRR1661240,0,0
SRR1661241,0,0
SRR1661243,0,0
SRR1661248,0,0
SRR1661250,1,0
SRR1661252,0,0
SRR1661254,0,0
SRR1661255,0,0
SRR1661256,0,0
SRR1661258,0,0
SRR1661259,0,0
SRR1661260,0,0
SRR1661261,0,0
SRR1661262,0,0
SRR1661263,0,0
SRR1661264,0,0
SRR1661265,0,0
SRR1661266,0,0
SRR1661267,0,0
SRR1661268,0,0
SRR1661269,0,0
SRR1661270,0,0
SRR1661271,0,0
SRR1661272,0,0
SRR1661274,0,0
SRR1661275,0,0
SRR1661280,0,0
SRR1661281,0,1
SRR1661282,0,0
SRR1661283,0,0
SRR1661285,0,0
SRR1661286,0,0
SRR1661287,0,0
SRR1661288,0,0
SRR1661289,0,0
SRR1661291,0,0
SRR1661292,0,0
SRR1661293,0,0
SRR1661295,0,0
SRR1661298,0,0
SRR1661307,0,0
SRR1661308,0,0
SRR1661309,0,0
SRR1661310,0,0
SRR1661312,0,0
SRR1661313,0,0
SRR1661314,0,0
SRR1661315,0,0
SRR1661316,0,0
SRR1661317,0,0
SRR1661318,0,0
SRR1661319,0,0
SRR1661320,0,0
SRR1661321,0,0
SRR1661322,0,0
SRR1661324,0,0
SRR1661325,0,0
SRR1661326,0,0
SRR1661327,0,0
SRR1661328,0,0
SRR1661329,0,0
SRR1661330,0,0
SRR1661331,0,0
SRR2736093,0,0
SRR2736094,0,0
SRR2736095,0,0
SRR2736096,0,0
SRR2736097,0,0
SRR2736098,0,0
SRR2736099,0,0
SRR2736100,0,0
SRR2736101,0,0
SRR2736102,0,0
SRR2736103,0,1
SRR2736104,0,0
SRR2736105,0,1
SRR2736106,0,0
SRR2736107,0,0
SRR2736108,0,0
SRR2736109,0,0
SRR2736110,0,0
SRR2736111,0,0
SRR2736112,0,0
SRR2736113,0,0
SRR2736114,0,0
SRR2736115,0,0
SRR2736116,0,0
SRR2736117,1,0
SRR2736118,1,0
SRR2736119,1,0
SRR2736120,1,0
SRR2736121,1,0
SRR2736122,1,0
SRR2736123,1,0
SRR2736124,0,0
SRR2736125,0,0
SRR2736126,0,0
SRR2736127,0,0
SRR2736128,0,0
SRR2736129,0,0
SRR2736131,0,0
SRR2736135,0,0
SRR2736136,0,0
SRR2736137,0,0
SRR2736139,0,0
SRR2736140,0,0
SRR2736141,0,0
SRR2736142,0,0
SRR2736143,0,0
SRR2736144,0,0
SRR2736145,0,0
SRR2736146,0,0
SRR2736147,0,0
SRR2736149,0,1
SRR2736150,0,0
SRR2736151,0,0
SRR2736152,0,0
SRR2736153,0,0
SRR2736154,0,0
SRR2736156,0,0
SRR2736157,1,0
SRR2736159,0,0
SRR2736160,0,0
SRR2736162,0,0
SRR2736163,0,0
SRR2736164,0,0
SRR2736167,0,0
SRR2736170,0,0
SRR2736171,0,0
SRR2736172,0,0
SRR2736173,0,0
SRR2736174,0,0
SRR2736175,0,0
SRR2736179,0,0
SRR2736180,0,0
SRR2736181,0,0
SRR2736182,0,0
SRR2736183,0,0
SRR2736188,0,0
SRR2736189,0,0
SRR2736190,0,0
SRR2736191,0,0
SRR2736192,0,0
SRR2736193,0,0
SRR2736194,0,0
SRR2736195,0,0
SRR2736196,0,0
SRR2736197,0,0
SRR2736198,0,0
SRR2736200,0,0
SRR2736201,0,0
SRR2736202,0,0
SRR2736204,0,0
SRR2736205,0,0
SRR2736206,0,0
SRR2736207,0,0
SRR2736208,0,0
SRR2736209,0,0
SRR2736210,0,0
SRR2736211,0,1
SRR2736212,0,0
SRR2736213,0,1
SRR2736216,0,0
SRR2736217,0,0
SRR2736218,0,0
SRR2736219,0,0
SRR2736220,0,0
SRR2736221,0,0
SRR2736222,0,0
SRR2736223,0,0
SRR2736224,0,0
SRR2736225,0,0
SRR2736226,0,0
SRR2736227,0,0
SRR2736228,0,0
SRR2736229,0,0
SRR2736230,0,0
SRR2736231,0,0
SRR2736232,0,0
SRR2736233,0,0
SRR2736234,0,0
SRR2736235,0,0
SRR2736236,0,0
SRR2736237,0,0
SRR2736238,0,0
SRR2736239,0,0
SRR2736240,0,0
SRR2736241,0,0
SRR2736242,0,0
SRR2736243,0,0
SRR2736244,0,0
SRR2736245,0,0
SRR2736246,0,0
SRR2736247,0,0
SRR2736248,0,0
SRR2736249,0,0
SRR2736250,0,0
SRR2736251,0,0
SRR2736252,0,0
SRR2736253,0,0
SRR2736254,0,0
SRR2736255,0,0
SRR2736256,0,0
SRR2736257,0,0
SRR2736258,0,0
SRR2736259,0,0
SRR2736260,0,0
SRR2736261,1,0
SRR2736262,1,0
SRR2736263,0,0
SRR2736264,0,0
SRR2736265,0,0
SRR2736266,0,0
SRR2736267,0,0
SRR2736268,0,0
SRR2736269,0,0
SRR2736270,0,0
SRR2736271,0,0
SRR2736272,0,0
SRR2736273,0,0
SRR2736274,0,0
SRR2736275,0,0
SRR2736276,0,0
SRR2736277,0,0
SRR2736278,0,0
SRR2736279,0,0
SRR2736280,0,0
SRR2736281,0,0
SRR2736282,0,0
SRR2736283,0,0
SRR2736284,0,0
SRR2736285,0,0
SRR2736286,0,0
SRR2736287,0,0
SRR2736288,0,0
SRR2736289,0,0
SRR2736290,0,0
SRR2736291,0,0
SRR2736292,0,0
SRR2736293,0,0
SRR2736294,0,0
SRR2736295,0,0
SRR2736296,0,0
SRR2736297,0,0
SRR2736298,0,0
SRR2736299,0,0
SRR2736300,0,0
SRR2736301,1,0
SRR2736302,0,0
SRR2736303,0,0
SRR2736304,0,0
SRR2736305,0,0
SRR2736306,0,0
SRR4343301,0,0
SRR3357011,0,0
SRR3357028,0,0
SRR3357077,0,0
SRR3357157,0,0
SRR3357160,0,0
SRR3357181,0,0
SRR3357186,0,0
SRR3357191,0,0
SRR3357192,0,0
SRR3357194,0,0
SRR3357229,0,0
SRR3357246,0,0
SRR3357252,0,0
SRR3357260,0,0
SRR3357263,0,0
SRR3357264,0,0
SRR3357288,0,0
SRR3357289,0,0
SRR3357305,0,0
SRR3357314,0,0
SRR3360605,0,0
SRR3360606,0,0
SRR3360607,0,0
SRR3360608,0,0
SRR3360609,0,0
SRR3360610,0,0
SRR3360612,0,0
SRR3360613,0,0
SRR3360614,0,0
SRR3360615,0,0
SRR3360616,0,0
SRR3360617,0,0
SRR3360618,0,0
SRR3360619,0,0
SRR3360622,0,0
SRR3360624,0,0
SRR3360625,0,0
SRR3360627,0,0
SRR3360628,0,0
SRR3360629,0,0
SRR3360630,0,0
SRR3360632,0,0
SRR3360633,0,1
SRR3360634,0,0
SRR3360635,0,0
SRR3360636,0,0
SRR3360637,0,0
SRR3360638,0,0
SRR3360639,0,0
SRR3360640,0,0
SRR3360641,0,0
SRR3360642,0,0
SRR3360644,0,0
SRR3360645,0,0
SRR3360646,0,0
SRR3360647,0,0
SRR3360648,0,0
SRR3360649,0,0
SRR3360650,0,0
SRR3360651,0,0
SRR3360652,0,0
SRR3360653,0,0
SRR3360654,0,0
SRR3360658,0,0
SRR3360659,0,0
SRR3360661,0,0
SRR3360662,0,0
SRR3360663,0,0
SRR3360664,0,0
SRR3360665,0,0
SRR3360667,0,0
SRR3360669,0,0
SRR3360670,0,0
SRR3360671,0,0
SRR3360672,0,0
SRR3360674,0,0
SRR3360675,0,0
SRR3360677,1,0
SRR3360678,0,0
SRR3360679,0,0
SRR3360680,0,0
SRR3360681,0,0
SRR3360683,0,0
SRR3360684,0,0
SRR3360685,0,0
SRR3360686,0,0
SRR3360687,0,0
SRR3360688,0,0
SRR3360689,0,0
SRR3360690,0,0
SRR3360691,0,0
SRR3360692,0,0
SRR3360693,0,0
SRR3360694,0,0
SRR3360696,0,0
SRR3360697,0,0
SRR3360698,0,0
SRR3360700,0,0
SRR3360701,0,0
SRR3360702,0,0
SRR3360703,0,0
SRR3360704,0,0
SRR3360705,0,0
SRR3360706,0,0
SRR3360707,0,0
SRR3360708,0,0
SRR3360709,0,0
SRR3360710,0,0
SRR3360711,0,0
SRR3360712,0,0
SRR3360713,0,0
SRR3360714,0,0
SRR3360715,0,0
SRR3360716,0,0
SRR3360717,0,0
SRR3360718,0,0
SRR3360719,0,0
SRR3360720,0,0
SRR3360721,0,0
SRR3360722,0,0
SRR3360723,0,0
SRR3360725,0,0
SRR3360726,0,0
SRR3360727,0,0
SRR3360728,0,0
SRR3360729,0,0
SRR3360730,0,0
SRR3360731,0,0
SRR3360733,0,0
SRR3360734,0,0
SRR3360735,0,0
SRR3360736,0,0
SRR3360737,0,0
SRR3360738,0,0
SRR3360740,0,0
SRR3360743,0,0
SRR3360745,0,0
SRR3360746,0,0
SRR3360747,0,0
SRR3360748,0,0
SRR3360749,0,0
SRR3360750,0,0
SRR3360751,0,0
SRR3360752,0,0
SRR3360753,0,0
SRR3360754,0,0
SRR3360755,0,0
SRR3360766,0,0
SRR3360771,0,0
SRR3360772,0,0
SRR3360774,0,0
SRR3360810,1,0
SRR3360811,0,0
SRR3360813,0,0
SRR3360827,0,0
SRR3360829,0,0
SRR3360832,0,0
SRR3360836,1,0
SRR3360846,0,0
SRR3360851,0,0
SRR3360854,0,0
SRR3360867,0,0
SRR3360872,0,0
SRR3360876,1,0
SRR3360883,0,0
SRR3360889,0,0
SRR3360890,0,0
SRR3360893,0,0
SRR3360913,0,0
SRR3360917,0,0
SRR3360921,0,0
SRR3360924,0,0
SRR3360926,0,0
SRR3360930,0,0
SRR3360936,0,0
SRR3360939,0,0
SRR3360943,0,0
SRR3360944,1,0
SRR3360947,0,0
SRR3360949,0,0
SRR3360950,0,0
SRR3360953,0,0
SRR3360964,0,0
SRR3360967,0,0
SRR3360970,0,0
SRR3360980,0,0
SRR3360981,0,0
SRR3360982,0,0
SRR3360983,0,0
SRR3360984,0,0
SRR3360991,0,0
SRR3360993,0,0
SRR3361307,1,0
SRR3361308,0,0
SRR3361310,0,0
SRR3361311,0,0
SRR3361312,0,0
SRR3361313,0,0
SRR3361314,0,0
SRR3361315,0,0
SRR3361317,0,0
SRR3361318,0,0
SRR3361320,0,0
SRR3361321,0,0
SRR3361322,0,0
SRR3361324,0,0
SRR3361325,0,1
SRR3361326,0,0
SRR3361328,0,0
SRR3361329,0,0
SRR3361332,0,0
SRR3361333,0,0
SRR3361336,0,0
SRR3361337,0,0
SRR3361338,0,0
SRR3361340,0,0
SRR3361341,0,0
SRR3361342,0,0
SRR3361343,0,0
SRR3361344,0,0
SRR3361345,0,0
SRR3361346,0,0
SRR3361347,0,0
SRR3361349,0,0
SRR3361350,0,0
SRR3361351,0,0
SRR3361352,0,0
SRR3361353,0,0
SRR3361354,0,0
SRR3361355,0,0
SRR3361356,0,0
SRR955973,0,0
SRR959017,0,0
SRR960561,0,0
SRR969045,0,0
SRR969336,0,0
SRR969337,0,0
SRR969338,0,0
SRR969340,0,0
SRR969341,0,0
SRR969342,0,0
SRR969343,0,0
SRR969344,0,0
SRR969345,0,0
SRR969346,0,0
SRR969348,0,0
SRR969350,0,0
SRR969352,0,0
SRR969353,0,0
SRR969354,0,0
SRR969355,0,0
SRR969356,0,0
SRR969360,0,0
SRR969361,0,0
SRR969362,0,0
SRR969363,0,0
SRR969364,0,0
SRR969365,0,0
SRR969366,0,0
SRR969367,0,0
SRR969368,0,0
SRR969369,0,0
SRR969370,0,0
SRR969371,0,0
SRR969373,0,0
SRR969374,0,0
SRR969375,0,0
SRR969376,0,0
SRR969377,0,0
SRR969378,0,0
SRR969379,0,0
SRR969380,0,0
SRR969381,0,0
SRR969382,0,0
SRR969384,0,0
SRR969385,0,0
SRR969386,0,0
SRR969387,0,0
SRR969388,0,0
SRR969389,0,0
SRR969391,0,0
SRR969392,0,0
SRR969393,0,0
SRR969394,0,0
SRR969395,0,0
ERR2172305,0,0
ERR2172306,0,0
ERR2172307,0,0
ERR2172308,0,0
ERR2172309,0,0
ERR2172310,0,0
ERR2172311,0,0
ERR2172312,0,0
ERR2172313,0,0
ERR2172314,0,0
ERR2172315,0,0
ERR2172316,0,0
ERR2172317,0,0
ERR2172318,0,0
ERR2172319,0,0
ERR2172320,0,0
ERR2172321,0,0
ERR2172322,0,0
ERR2172323,0,0
ERR2172324,0,0
ERR2172325,0,0
ERR2172326,0,0
ERR2172327,0,0
ERR2172328,0,0
ERR2172329,0,0
ERR2172330,0,0
ERR2172331,0,0
ERR2172332,0,0
ERR2172333,0,0
ERR2172334,0,0
ERR2172335,0,0
ERR2172336,0,0
ERR2172337,0,0
ERR2172338,0,0
ERR2172339,0,0
ERR2172340,0,0
ERR2172341,0,0
ERR2172342,0,0
ERR2172343,0,0
ERR2172344,1,0
ERR2172345,0,0
ERR2172346,0,0
ERR2172347,0,0
ERR2172348,0,0
ERR2172349,0,0
ERR2172350,0,0
ERR2172351,0,0
ERR2172352,0,0
ERR2172353,0,0
ERR2172354,0,0
GCGS0277,0,0
GCGS0839,0,0
GCGS0605,0,0
GCGS0287,0,0
GCGS0613,0,0
GCGS0766,0,0
GCGS0624,0,0
GCGS0625,0,0
GCGS0440,0,0
GCGS0782,0,0
GCGS0647,0,0
GCGS0462,0,0
GCGS0855,0,1
GCGS0673,0,0
GCGS0294,0,0
GCGS0796,0,0
GCGS0682,0,0
GCGS0797,0,0
GCGS0683,0,0
GCGS0684,0,0
GCGS0798,0,0
GCGS0498,0,0
GCGS0588,0,0
GCGS0410,0,0
GCGS0626,0,0
GCGS0627,0,0
GCGS0628,0,0
GCGS0629,0,0
GCGS0773,0,0
GCGS0774,0,0
GCGS0648,0,0
GCGS0799,0,0
GCGS0504,0,0
GCGS0710,0,0
GCGS0711,0,0
GCGS0310,0,0
GCGS0538,0,0
GCGS0540,0,0
GCGS0541,0,0
GCGS0547,1,1
GCGS0728,1,0
GCGS0261,0,0
GCGS0318,1,0
GCGS0359,0,0
GCGS0840,0,0
GCGS0400,0,0
GCGS0843,0,0
GCGS0630,0,0
GCGS0631,0,0
GCGS0650,0,0
GCGS0783,0,0
GCGS0443,1,0
GCGS0651,0,0
GCGS0784,0,0
GCGS0664,0,0
GCGS0480,0,0
GCGS0491,0,0
GCGS0686,0,0
GCGS0688,0,0
GCGS0689,0,0
GCGS0499,0,0
GCGS0506,0,0
GCGS0507,0,0
GCGS0508,0,0
GCGS0509,0,0
GCGS0303,0,0
GCGS0718,0,1
GCGS0525,0,0
GCGS0870,0,0
GCGS0322,0,0
GCGS0569,0,1
GCGS0351,0,0
GCGS0273,0,0
GCGS0374,0,0
GCGS0275,0,0
GCGS0249,0,0
GCGS0276,0,0
GCGS0595,0,0
GCGS0621,0,0
GCGS0293,1,0
GCGS0795,0,0
GCGS0703,0,0
GCGS0500,0,0
GCGS0502,0,0
GCGS0503,0,0
GCGS0304,0,0
GCGS0255,0,0
GCGS0526,0,0
GCGS0305,0,0
GCGS0865,0,0
GCGS0314,0,0
GCGS0315,1,0
GCGS0316,0,0
GCGS0554,0,0
GCGS0584,0,0
GCGS0746,0,0
GCGS0373,0,0
GCGS0425,0,0
GCGS0427,0,0
GCGS0616,0,0
GCGS0432,0,0
GCGS0620,0,0
GCGS0433,0,0
GCGS0781,0,0
GCGS0459,0,0
GCGS0788,0,0
GCGS0789,0,0
GCGS0522,0,0
GCGS0461,1,0
GCGS0475,0,0
GCGS0669,0,0
GCGS0680,0,0
GCGS0919,0,0
GCGS0827,0,0
GCGS0582,0,0
GCGS0583,0,0
GCGS0747,0,0
GCGS0748,0,0
GCGS0749,0,0
GCGS0524,0,0
GCGS0819,0,0
GCGS0256,0,0
GCGS0324,0,0
GCGS0265,0,0
GCGS1104,0,0
GCGS0248,1,0
GCGS1097,0,0
GCGS0362,0,0
GCGS1098,0,0
GCGS1096,0,0
GCGS0278,0,0
GCGS0279,0,0
GCGS0281,0,0
GCGS0599,0,0
GCGS0389,0,0
GCGS0390,0,0
GCGS0606,0,0
GCGS1099,0,0
GCGS1100,0,0
GCGS1102,0,0
GCGS1101,0,0
GCGS0761,0,0
GCGS0775,0,0
GCGS0442,0,0
GCGS0536,0,0
GCGS0309,0,0
GCGS0546,0,0
GCGS0734,0,0
GCGS0735,0,0
GCGS0270,0,0
GCGS0364,0,0
GCGS0365,0,0
GCGS0366,0,0
GCGS0407,0,0
GCGS0286,0,0
GCGS0251,0,0
GCGS0702,0,0
GCGS0501,0,0
GCGS0709,0,0
GCGS0812,0,0
GCGS0306,0,0
GCGS0726,0,0
GCGS0317,0,0
GCGS0829,0,0
GCGS0736,0,0
GCGS0830,0,0
GCGS0831,0,0
GCGS0565,0,0
GCGS0245,0,0
GCGS0845,0,0
GCGS0439,1,0
GCGS1103,0,0
GCGS0537,0,0
GCGS0727,0,0
GCGS0737,0,0
GCGS0566,0,0
GCGS0358,0,0
GCGS0385,0,0
GCGS0411,0,0
GCGS0412,0,0
GCGS0413,0,0
GCGS0414,0,0
GCGS0760,0,0
GCGS0415,0,0
GCGS0252,1,0
GCGS0288,0,0
GCGS0253,1,0
GCGS0434,0,0
GCGS0444,0,1
GCGS0652,0,0
GCGS0490,0,0
GCGS0685,0,0
GCGS0492,0,0
GCGS0687,0,0
GCGS0723,0,0
GCGS0356,0,0
GCGS0357,0,0
GCGS0741,0,0
GCGS0576,1,0
GCGS0367,0,0
GCGS0291,0,0
GCGS0622,0,0
GCGS0813,0,0
GCGS0307,1,0
GCGS0719,0,0
GCGS0724,0,0
GCGS0824,0,0
GCGS0866,0,0
GCGS0867,0,0
GCGS0258,0,0
GCGS0577,0,0
GCGS0578,0,0
GCGS0579,0,0
GCGS0580,1,0
GCGS0581,0,0
GCGS0612,0,0
GCGS0408,0,0
GCGS0409,0,0
GCGS0623,0,0
GCGS0771,0,0
GCGS0846,0,0
GCGS0441,0,0
GCGS0646,0,0
GCGS0662,0,0
GCGS0663,0,0
GCGS0295,0,0
GCGS0704,0,1
GCGS0302,0,0
GCGS0521,0,0
GCGS0527,0,0
GCGS0528,0,0
GCGS0720,0,0
GCGS0529,0,0
GCGS0721,0,0
GCGS0259,0,0
GCGS0260,0,0
GCGS0268,1,0
GCGS0573,1,0
GCGS0274,0,0
GCGS0386,0,0
GCGS0772,0,0
GCGS0649,0,0
GCGS0705,0,0
GCGS0505,0,0
GCGS0301,0,0
GCGS0519,0,0
GCGS0520,0,0
GCGS0530,1,1
GCGS0531,0,0
GCGS0532,0,0
GCGS0533,0,0
GCGS0308,0,0
GCGS0534,0,0
GCGS0535,0,0
GCGS0539,0,0
GCGS0825,0,0
GCGS0826,0,0
GCGS0323,0,0
GCGS0325,1,0
GCGS0555,0,0
GCGS0729,1,0
GCGS1094,0,0
GCGS0264,0,0
GCGS0266,0,0
GCGS0340,0,0
GCGS0341,0,0
GCGS0269,0,0
GCGS0342,0,0
GCGS0343,0,0
GCGS0738,0,0
GCGS0570,0,1
GCGS0589,0,0
GCGS0280,0,0
GCGS0387,0,0
GCGS0597,0,0
GCGS0598,0,0
GCGS0388,0,0
GCGS0282,1,0
GCGS0600,0,0
GCGS0283,0,0
GCGS0607,0,0
GCGS0001,0,0
GCGS0002,0,0
GCGS0003,0,0
GCGS0004,0,0
GCGS0005,0,0
GCGS0006,0,0
GCGS0007,0,0
GCGS0008,0,0
GCGS0009,0,0
GCGS0010,0,0
GCGS0012,0,0
GCGS0014,0,0
GCGS0017,0,0
GCGS0018,0,0
GCGS0019,0,0
GCGS0020,0,0
GCGS0021,0,0
GCGS0022,0,0
GCGS0023,0,0
GCGS0024,0,0
GCGS0026,0,0
GCGS0027,0,0
GCGS0028,0,0
GCGS0030,0,0
GCGS0031,0,0
GCGS0032,0,0
GCGS0033,0,0
GCGS0034,0,0
GCGS0035,0,0
GCGS0036,0,0
GCGS0037,0,0
GCGS0038,0,0
GCGS0039,0,0
GCGS0040,0,0
GCGS0041,0,0
GCGS0042,0,0
GCGS0043,0,0
GCGS0044,0,0
GCGS0045,0,0
GCGS0046,0,0
GCGS0047,0,0
GCGS0049,0,0
GCGS0050,0,0
GCGS0051,0,0
GCGS0052,0,0
GCGS0053,0,0
GCGS0054,0,0
GCGS0055,0,0
GCGS0056,0,0
GCGS0057,0,0
GCGS0058,0,0
GCGS0059,0,0
GCGS0060,0,0
GCGS0062,0,0
GCGS0063,0,0
GCGS0064,1,0
GCGS0065,0,0
GCGS0066,0,0
GCGS0067,0,0
GCGS0068,0,0
GCGS0069,0,0
GCGS0070,0,0
GCGS0071,0,0
GCGS0072,0,0
GCGS0073,0,0
GCGS0074,0,0
GCGS0075,0,0
GCGS0076,0,0
GCGS0077,0,0
GCGS0078,0,0
GCGS0079,0,0
GCGS0080,0,0
GCGS0081,0,0
GCGS0082,0,0
GCGS0083,0,0
GCGS0084,0,0
GCGS0085,0,0
GCGS0086,0,0
GCGS0087,0,0
GCGS0088,0,0
GCGS0089,0,0
GCGS0090,0,0
GCGS0091,0,0
GCGS0092,0,0
GCGS0093,0,0
GCGS0094,0,0
GCGS0095,0,0
GCGS0096,0,0
GCGS0193,0,0
GCGS0194,0,0
GCGS0195,0,0
GCGS0196,0,0
GCGS0197,0,0
GCGS0198,0,0
GCGS0199,0,0
GCGS0200,0,0
GCGS0201,0,0
GCGS0202,0,0
GCGS0203,0,0
GCGS0204,0,0
GCGS0205,0,0
GCGS0206,0,0
GCGS0207,0,0
GCGS0208,0,0
GCGS0209,0,0
GCGS0210,0,0
GCGS0211,0,0
GCGS0212,0,0
GCGS0213,0,0
GCGS0214,0,0
GCGS0215,0,0
GCGS0216,0,0
GCGS0217,0,0
GCGS0218,0,0
GCGS0219,0,0
GCGS0220,0,0
GCGS0221,0,0
GCGS0223,0,0
GCGS0224,0,0
GCGS0225,0,0
GCGS0226,0,0
GCGS0227,0,0
GCGS0228,0,0
GCGS0229,0,0
GCGS0230,0,0
GCGS0231,0,0
GCGS0232,0,0
GCGS0233,0,0
GCGS0234,0,0
GCGS0235,0,0
GCGS0236,0,0
GCGS0237,0,0
GCGS0238,0,0
GCGS0240,0,0
GCGS0241,0,0
GCGS0242,0,0
GCGS0097,0,0
GCGS0098,0,0
GCGS0099,0,0
GCGS0100,0,0
GCGS0101,0,0
GCGS0102,0,0
GCGS0103,0,0
GCGS0104,0,0
GCGS0105,0,0
GCGS0106,0,0
GCGS0107,0,0
GCGS0108,0,0
GCGS0109,0,0
GCGS0110,0,0
GCGS0111,0,0
GCGS0113,0,0
GCGS0114,0,0
GCGS0115,0,0
GCGS0116,0,0
GCGS0117,0,0
GCGS0118,0,0
GCGS0119,0,0
GCGS0120,0,0
GCGS0121,0,0
GCGS0122,0,0
GCGS0123,0,0
GCGS0124,0,0
GCGS0125,0,0
GCGS0126,0,0
GCGS0127,0,0
GCGS0128,0,0
GCGS0129,0,0
GCGS0130,0,0
GCGS0131,0,0
GCGS0132,0,0
GCGS0134,0,0
GCGS0135,0,0
GCGS0136,0,0
GCGS0137,0,0
GCGS0138,0,0
GCGS0139,0,0
GCGS0141,0,0
GCGS0142,0,0
GCGS0143,0,0
GCGS0144,0,0
GCGS0145,0,0
GCGS0146,0,0
GCGS0147,0,0
GCGS0149,0,0
GCGS0150,0,0
GCGS0151,0,0
GCGS0152,0,1
GCGS0153,0,0
GCGS0155,0,0
GCGS0156,0,0
GCGS0157,0,0
GCGS0158,0,0
GCGS0160,0,0
GCGS0161,0,0
GCGS0162,1,0
GCGS0163,0,0
GCGS0164,0,0
GCGS0165,0,0
GCGS0166,0,0
GCGS0167,0,0
GCGS0168,0,0
GCGS0169,0,0
GCGS0170,0,0
GCGS0171,0,0
GCGS0172,0,0
GCGS0173,0,0
GCGS0174,0,0
GCGS0175,0,0
GCGS0176,0,0
GCGS0177,0,0
GCGS0178,0,0
GCGS0179,0,0
GCGS0180,0,0
GCGS0181,0,0
GCGS0182,0,0
GCGS0183,0,0
GCGS0184,0,0
GCGS0185,0,0
GCGS0186,0,0
GCGS0187,0,0
GCGS0188,0,0
GCGS0189,0,0
GCGS0190,0,0
GCGS0191,0,0
GCGS0192,0,0
GCGS0013,0,0
GCGS0015,0,0
GCGS0016,0,0
GCGS0112,0,0
GCGS0962,0,0
GCGS0981,0,0
GCGS0883,0,0
GCGS0903,0,0
GCGS0399,0,0
GCGS0567,0,0
GCGS0392,0,0
GCGS0284,0,0
GCGS0417,0,0
GCGS0289,0,0
GCGS0285,0,0
GCGS1026,0,0
GCGS1039,0,0
GCGS0763,0,0
GCGS0907,0,0
GCGS0920,0,0
GCGS0944,0,0
GCGS0861,0,0
GCGS1015,0,0
GCGS0930,0,0
GCGS1042,0,0
GCGS1029,0,0
GCGS1036,0,0
GCGS1035,0,0
GCGS1024,0,0
GCGS1061,0,0
GCGS1057,0,0
GCGS1078,0,0
GCGS0558,0,0
GCGS0877,0,0
GCGS0906,0,0
GCGS0927,0,0
GCGS0881,0,0
GCGS0887,0,0
GCGS1006,0,0
GCGS0922,0,0
GCGS0943,0,0
GCGS1095,0,0
GCGS0879,0,0
GCGS0880,0,0
GCGS0961,0,0
GCGS0244,0,0
GCGS0985,0,0
GCGS0984,0,0
GCGS0960,0,0
GCGS0894,0,0
GCGS0875,0,0
GCGS0932,0,0
GCGS0905,0,0
GCGS0929,0,0
GCGS0863,0,0
GCGS0912,0,0
GCGS0997,0,0
GCGS0864,0,0
GCGS0876,0,0
GCGS0915,0,0
GCGS0872,0,0
GCGS0446,0,0
GCGS0979,0,0
GCGS0938,0,0
GCGS0933,0,0
GCGS0959,0,0
GCGS0982,0,0
GCGS0986,0,0
GCGS0914,0,0
GCGS0983,0,0
GCGS0990,0,0
GCGS0998,0,0
GCGS1007,0,0
GCGS0878,0,0
GCGS0862,0,0
GCGS0996,0,0
GCGS0917,0,0
GCGS0989,0,0
GCGS1011,0,0
GCGS0940,0,0
GCGS0935,0,0
GCGS0916,0,0
GCGS0934,0,0
GCGS0868,0,0
GCGS0882,0,0
GCGS0313,0,0
GCGS0545,0,0
GCGS0551,0,0
GCGS0552,0,0
GCGS0335,0,0
GCGS0560,0,0
GCGS0732,0,0
GCGS0347,1,0
GCGS0571,1,0
GCGS0348,0,0
GCGS0349,1,0
GCGS0572,1,0
GCGS0350,0,0
GCGS0740,0,0
GCGS0376,0,0
GCGS0377,0,0
GCGS0378,0,0
GCGS0379,0,0
GCGS0395,0,0
GCGS0396,0,0
GCGS0397,0,0
GCGS0398,0,0
GCGS0758,0,0
GCGS0542,0,0
GCGS0381,0,0
GCGS0633,0,0
GCGS0756,0,0
GCGS0393,1,0
GCGS0292,0,0
GCGS1058,0,0
GCGS1065,0,0
GCGS1076,0,0
GCGS1091,0,0
GCGS1092,0,0
GCGS1073,0,0
GCGS0543,1,0
GCGS0548,0,0
GCGS0549,0,0
GCGS0319,0,0
GCGS0320,0,0
GCGS0321,0,0
GCGS0331,0,0
GCGS0333,0,0
GCGS0334,0,0
GCGS0731,0,0
GCGS0346,0,0
GCGS0739,0,0
GCGS0353,0,0
GCGS0369,0,0
GCGS0383,0,0
GCGS0384,0,0
GCGS0593,0,0
GCGS0754,0,0
GCGS0755,0,0
GCGS0594,0,0
GCGS0757,0,0
GCGS0428,0,0
GCGS0639,0,0
GCGS0640,0,0
GCGS0450,0,0
GCGS0656,0,0
GCGS0451,0,0
GCGS0312,1,0
GCGS0730,0,0
GCGS0559,0,0
GCGS0370,0,0
GCGS0375,0,0
GCGS0592,0,0
GCGS0603,0,0
GCGS0764,0,0
GCGS0767,0,0
GCGS0768,0,0
GCGS0779,0,0
GCGS0437,0,0
GCGS0449,0,0
GCGS0452,0,0
GCGS0465,0,0
GCGS0466,0,0
GCGS0667,0,0
GCGS0469,0,0
GCGS0675,0,0
GCGS0483,0,0
GCGS0794,0,0
GCGS0494,0,0
GCGS0806,0,0
GCGS0808,0,0
GCGS0809,0,0
GCGS0700,0,0
GCGS0615,1,0
GCGS0423,0,0
GCGS0429,0,0
GCGS0769,0,0
GCGS0430,0,0
GCGS0431,0,0
GCGS0453,0,0
GCGS0454,0,0
GCGS0658,0,0
GCGS0787,0,0
GCGS0456,1,0
GCGS0457,0,0
GCGS0471,0,0
GCGS0668,0,0
GCGS0472,1,0
GCGS0479,0,0
GCGS0488,0,0
GCGS0489,0,0
GCGS0678,0,0
GCGS0495,0,0
GCGS0496,0,0
GCGS0553,0,0
GCGS0336,0,0
GCGS0337,0,0
GCGS0643,0,0
GCGS0679,0,0
GCGS0811,0,0
GCGS0311,0,0
GCGS0257,0,0
GCGS0247,1,0
GCGS0267,0,0
GCGS0327,0,0
GCGS0328,1,0
GCGS0329,0,0
GCGS0556,0,0
GCGS0271,0,0
GCGS0272,0,0
GCGS0751,0,0
GCGS0380,0,0
GCGS0391,0,0
GCGS0416,0,0
GCGS0653,0,0
GCGS0296,0,0
GCGS0297,0,0
GCGS0298,0,0
GCGS0691,0,0
GCGS0299,0,0
GCGS0254,0,0
GCGS0713,0,0
GCGS0352,0,0
GCGS0586,0,0
GCGS0591,0,0
GCGS0290,1,0
GCGS0435,0,0
GCGS0382,0,0
GCGS0447,0,0
GCGS0246,0,0
GCGS0300,0,0
GCGS1018,0,0
GCGS1022,0,0
GCGS1025,0,0
GCGS1030,0,0
GCGS1031,0,0
GCGS1032,0,0
GCGS1033,0,0
GCGS0140,0,0
GCGS1043,1,0
GCGS1044,1,0
GCGS1045,1,0
GCGS1047,0,0
GCGS0836,0,0
GCGS1049,0,0
GCGS1051,0,0
GCGS1052,0,0
GCGS1054,0,0
GCGS1055,1,0
GCGS1056,0,0
GCGS0841,0,0
GCGS1082,0,0
GCGS1083,0,0
GCGS1087,0,0
GCGS1040,0,0
GCGS1077,0,0
GCGS1081,0,0
GCGS0330,0,0
GCGS0844,0,0
GCGS0665,0,0
GCGS0609,0,0
GCGS0610,0,0
GCGS0401,0,0
GCGS0481,0,0
GCGS0332,0,0
GCGS0363,0,0
GCGS0394,0,0
GCGS0842,0,0
GCGS0467,0,0
GCGS0852,0,0
GCGS0468,0,0
GCGS0470,0,0
GCGS0482,0,0
GCGS0856,0,0
GCGS0484,0,0
GCGS0696,0,0
GCGS0698,0,0
GCGS0708,0,0
GCGS0516,0,0
GCGS0823,0,0
GCGS0262,0,0
GCGS0263,0,0
GCGS0828,0,0
GCGS0326,0,0
GCGS0568,0,0
GCGS0585,0,0
GCGS0250,1,0
GCGS0590,0,0
GCGS0752,0,0
GCGS0601,0,0
GCGS0608,0,0
GCGS0418,1,0
GCGS0419,0,0
GCGS0420,0,0
GCGS0421,0,0
GCGS0617,0,0
GCGS0632,0,0
GCGS0776,0,0
GCGS0785,0,0
GCGS0786,0,0
GCGS0445,0,0
GCGS0463,0,0
GCGS0493,0,0
GCGS0800,0,0
GCGS0801,0,0
GCGS0802,0,0
GCGS0803,0,0
GCGS0690,0,0
GCGS0712,0,0
GCGS0510,0,0
GCGS0368,0,0
GCGS0753,0,0
GCGS0596,0,0
GCGS0243,0,0
GCGS0618,1,0
GCGS0634,0,0
GCGS0778,0,0
GCGS0636,0,0
GCGS0464,0,0
GCGS0674,0,0
GCGS0511,0,0
GCGS1020,0,0
GCGS1021,0,0
GCGS1023,0,0
GCGS1028,0,0
GCGS1037,0,0
GCGS1041,0,0
GCGS1046,0,0
GCGS1050,0,0
GCGS1053,0,0
GCGS1059,0,0
GCGS1060,0,0
GCGS1066,0,0
GCGS1067,0,0
GCGS1070,0,0
GCGS1071,0,0
GCGS1072,0,0
GCGS1074,0,0
GCGS1075,1,0
GCGS1084,0,0
GCGS1085,0,0
GCGS1086,0,0
GCGS1088,0,0
GCGS1089,0,0
GCGS1027,0,0
GCGS1063,0,0
GCGS1064,0,0
GCGS1068,0,0
GCGS1069,0,0
GCGS1079,0,0
GCGS0025,0,0
GCGS0029,0,0
GCGS0835,0,0
GCGS1093,0,0
GCGS0762,0,0
GCGS0222,0,0
GCGS0654,0,0
GCGS0847,0,0
GCGS0851,0,0
GCGS0061,0,0
GCGS0154,0,0
GCGS0148,0,0
GCGS0820,0,0
GCGS0725,0,0
GCGS0557,0,0
GCGS0344,0,0
GCGS0345,1,0
GCGS0742,0,0
GCGS0743,0,0
GCGS0744,0,0
GCGS0133,0,0
GCGS1090,0,0
GCGS1080,0,0
GCGS0817,0,0
GCGS0816,0,0
GCGS0515,0,0
GCGS0815,0,0
GCGS0517,0,0
GCGS0717,0,0
GCGS0514,0,0
GCGS0818,0,0
GCGS0716,0,0
GCGS0714,0,0
GCGS0487,0,0
GCGS0805,0,0
GCGS0697,0,0
GCGS0814,0,0
GCGS0715,0,0
GCGS0513,0,0
GCGS0512,0,0
GCGS0921,0,0
GCGS0964,0,0
GCGS1013,0,0
GCGS1001,0,0
GCGS0971,0,0
GCGS0969,0,0
GCGS0993,0,0
GCGS0976,0,0
GCGS0952,0,0
GCGS0954,0,0
GCGS0956,0,0
GCGS0967,0,0
GCGS0873,0,0
GCGS0925,0,0
GCGS0953,0,0
GCGS0972,0,0
GCGS0893,0,0
GCGS0888,0,0
GCGS0973,0,0
GCGS0942,0,0
GCGS0977,0,0
GCGS0926,0,0
GCGS0889,0,0
GCGS0848,0,0
GCGS0706,0,0
GCGS0159,0,0
GCGS0693,0,0
GCGS0655,0,0
GCGS0448,0,0
GCGS0239,0,0
GCGS0637,0,0
GCGS0692,0,0
GCGS0486,0,0
GCGS0707,0,0
GCGS0677,0,0
GCGS0360,0,0
GCGS0699,0,0
GCGS0858,0,0
GCGS0804,0,0
GCGS0857,0,0
GCGS0602,0,0
GCGS0807,0,0
GCGS0810,0,0
GCGS0821,0,0
GCGS0853,0,0
GCGS0666,0,0
GCGS0695,0,0
GCGS0901,0,0
GCGS0832,0,0
GCGS0676,0,0
GCGS0614,0,0
GCGS0701,0,0
GCGS0750,0,0
GCGS0722,0,0
GCGS0837,0,0
GCGS0657,0,0
GCGS0822,0,0
GCGS0642,0,0
GCGS0422,0,0
GCGS0455,0,0
GCGS0544,0,0
GCGS0833,0,0
GCGS0659,0,0
GCGS0458,0,0
GCGS0770,0,0
GCGS1010,0,0
GCGS0780,0,0
GCGS0426,0,0
GCGS0670,0,0
GCGS0474,0,0
GCGS0660,0,0
GCGS0644,0,0
GCGS0645,0,0
GCGS0859,0,0
GCGS0850,1,0
GCGS0884,0,0
GCGS0661,0,0
GCGS0681,0,0
GCGS0424,0,0
GCGS0436,0,0
GCGS0694,0,0
GCGS0638,0,0
GCGS0619,1,0
GCGS0550,0,0
GCGS0849,0,0
GCGS0371,0,0
GCGS0574,0,0
GCGS0354,0,0
GCGS0745,0,0
GCGS0671,1,0
GCGS0485,0,0
GCGS0834,0,0
GCGS0604,0,0
GCGS0523,0,0
GCGS0473,1,0
GCGS0338,0,0
GCGS0402,0,0
GCGS0561,0,0
GCGS0587,0,0
GCGS0611,0,0
GCGS0476,0,0
GCGS0733,0,0
GCGS0372,0,0
GCGS0518,0,0
GCGS0406,0,0
GCGS0563,0,0
GCGS0404,0,0
GCGS0477,0,0
GCGS0403,0,0
GCGS0672,1,0
GCGS0791,1,0
GCGS0793,0,0
GCGS0562,0,0
GCGS0564,0,0
GCGS0790,1,0
GCGS0355,0,0
GCGS0924,0,0
GCGS0838,0,0
GCGS0575,0,0
GCGS0765,1,0
GCGS0497,0,0
GCGS0792,0,0
GCGS0339,0,0
GCGS0478,0,0
GCGS0460,1,0
GCGS0759,0,1
GCGS0361,0,0
GCGS0405,0,0
GCGS0438,1,0
GCGS1008,0,0
GCGS0918,0,0
GCGS1009,0,0
GCGS0947,0,0
GCGS0988,0,0
GCGS0939,0,0
GCGS0987,0,0
GCGS0923,0,0
GCGS0991,0,0
GCGS0946,0,0
GCGS1000,0,0
GCGS0948,0,0
GCGS0931,0,0
GCGS0890,0,0
GCGS0911,0,0
GCGS0885,0,0
GCGS0936,0,0
GCGS0891,0,0
GCGS0968,0,0
GCGS0937,0,0
GCGS0898,0,0
GCGS1016,0,0
GCGS0958,0,0
GCGS0892,0,0
GCGS0910,0,0
GCGS0897,0,0
GCGS0945,0,0
GCGS0871,0,0
GCGS1017,0,0
GCGS0895,0,0
GCGS0966,0,0
GCGS0970,0,0
GCGS0874,0,0
GCGS1005,0,0
GCGS0999,0,0
GCGS0955,0,0
GCGS0908,0,0
GCGS0635,0,0
GCGS0994,0,0
GCGS0902,0,0
GCGS0951,0,0
GCGS0975,0,0
GCGS0965,0,0
GCGS1003,0,0
GCGS0950,0,0
GCGS0949,0,0
GCGS0995,0,0
GCGS0963,0,0
GCGS0909,0,0
GCGS0913,0,0
GCGS0992,0,0
GCGS0957,0,0
GCGS1012,0,0
GCGS0854,0,0
GCGS0860,0,0
GCGS0904,0,0
GCGS0869,0,0
GCGS1014,0,0
GCGS0978,0,0
GCGS0980,0,0
GCGS1034,0,0
GCGS1048,1,0
GCGS1062,0,0
GCGS0777,1,0
GCGS1038,0,0
GCGS1002,0,0
GCGS0900,0,0
GCGS0899,0,0
GCGS0886,0,0
GCGS0896,0,0
GCGS0974,0,0
GCGS0941,0,0
GCGS0928,0,0
GCGS1004,0,0
ERR1469560,0,0
ERR1469561,0,0
ERR1469562,0,0
ERR1469563,0,0
ERR1469564,0,0
ERR1469565,0,0
ERR1469566,0,0
ERR1469567,0,0
ERR1469568,0,0
ERR1469569,0,0
ERR1469570,0,0
ERR1469571,0,0
ERR1469572,0,0
ERR1469573,0,0
ERR1469574,0,0
ERR1469575,0,0
ERR1469576,0,0
ERR1469577,0,0
ERR1469578,0,0
ERR1469579,0,0
ERR1469580,0,0
ERR1469581,0,0
ERR1469582,0,0
ERR1469583,0,0
ERR1469584,0,0
ERR1469585,0,0
ERR1469586,0,0
ERR1469587,0,0
ERR1469588,0,0
ERR1469589,0,0
ERR1469590,0,0
ERR1469591,0,0
ERR1469592,0,0
ERR1469593,1,0
ERR1469594,0,0
ERR1469595,0,0
ERR1469596,0,0
ERR1469597,0,0
ERR1469598,0,0
ERR1469599,0,0
ERR1469600,0,0
ERR1469601,0,0
ERR1469602,0,0
ERR1469603,0,0
ERR1469604,0,0
ERR1469605,0,0
ERR1469606,0,0
ERR1469607,0,0
ERR1469608,0,0
ERR1469609,0,0
ERR1469610,0,0
ERR1469611,0,0
ERR1469612,0,0
ERR1469613,0,0
ERR1469614,0,0
ERR1469615,0,0
ERR1469616,0,0
ERR1469617,0,0
ERR1469618,0,0
ERR1469619,0,0
ERR1469620,0,0
ERR1469621,0,0
ERR1469622,0,0
ERR1469623,0,0
ERR1469624,0,0
ERR1469625,0,0
ERR1469626,0,0
ERR1469627,0,0
ERR1469628,0,0
ERR1469629,0,0
ERR1469630,0,0
ERR1469631,0,0
ERR1469632,0,0
ERR1469634,0,0
ERR1469635,0,0
ERR1469636,0,0
ERR1469643,0,0
ERR1469644,0,0
ERR1469645,0,0
ERR1469646,0,0
ERR1469653,0,0
ERR1469654,0,0
ERR1469655,0,0
ERR1469656,0,0
ERR1469663,0,0
ERR1469664,0,0
ERR1469665,0,0
ERR1469666,0,0
ERR1469667,0,0
ERR1469668,0,0
ERR1469669,0,0
ERR1469670,0,0
ERR1469671,0,0
ERR1469672,0,0
ERR1469673,0,0
ERR1469674,0,0
ERR1469675,0,0
ERR1469676,0,0
ERR1469677,0,0
ERR1469678,0,0
ERR1469679,0,0
ERR1469680,0,0
ERR1469681,0,0
ERR1469682,0,0
ERR1469683,0,0
ERR1469684,0,0
ERR1469693,0,0
ERR1469694,0,0
ERR1469695,0,0
ERR1469696,0,0
ERR1469697,0,0
ERR1469699,0,0
ERR1469708,0,0
ERR1469709,0,0
ERR1469710,0,0
ERR1469711,0,0
ERR1469712,0,0
ERR1469713,0,0
ERR1469714,0,0
ERR1469715,0,0
ERR1469716,0,0
ERR1469717,0,0
ERR1469718,0,0
ERR1469719,0,0
ERR1469720,0,0
ERR1469721,0,0
ERR1469722,0,0
ERR1469723,0,0
ERR1469724,0,0
ERR1469725,0,0
ERR1469726,0,0
ERR1469727,0,0
ERR1469728,0,0
ERR1469729,0,0
ERR1469730,0,0
ERR1469731,0,0
ERR1469732,0,0
ERR1469733,0,0
ERR1469734,0,0
ERR1469735,0,0
ERR1469736,0,0
ERR1469737,0,0
ERR1469738,0,0
ERR1469739,0,0
ERR1469740,0,0
ERR1469741,0,0
ERR1469742,0,0
ERR1469743,0,0
ERR1469744,0,0
ERR1469745,0,0
ERR1469746,0,0
ERR1469747,0,0
ERR1469748,0,0
ERR1469749,0,0
ERR1469750,0,0
ERR1469751,0,0
ERR1469752,0,0
ERR1469753,0,0
ERR1469754,0,0
ERR1469755,0,0
ERR1469756,0,0
ERR1469757,0,0
ERR1469758,0,0
ERR1469759,0,0
ERR1469760,0,0
ERR1469761,0,0
ERR1471119,0,0
ERR1471120,0,0
ERR1471121,1,0
ERR1471122,0,0
ERR1471123,0,0
ERR1471124,0,0
ERR1471125,0,0
ERR1471126,0,0
ERR1471127,0,0
ERR1471128,0,0
ERR1471129,0,0
ERR1471130,0,0
ERR1471131,0,0
ERR1471132,0,0
ERR1471133,0,0
ERR1471134,0,0
ERR1471135,0,0
ERR1471136,0,0
ERR1471137,0,0
ERR1471138,0,0
ERR1471139,0,0
ERR1471140,0,0
ERR1471141,0,0
ERR1471142,0,0
ERR1471143,0,0
ERR1471144,0,0
ERR1471146,0,0
ERR1471147,0,0
ERR1471148,0,0
ERR1471149,0,0
ERR1514672,0,0
ERR1514673,0,0
ERR1514674,0,0
ERR1514675,0,0
ERR1514676,0,0
ERR1514677,0,0
ERR1514678,0,0
ERR1514679,0,0
ERR1514680,0,0
ERR1514681,0,0
ERR1514682,0,0
ERR1514683,0,0
ERR1514684,0,0
ERR1514685,0,0
ERR1514686,0,0
ERR1514687,0,0
ERR1514688,0,0
ERR1514689,1,0
ERR1514690,0,0
ERR1514691,0,0
ERR1514692,0,0
ERR1514693,0,0
ERR1514694,0,0
ERR1514695,0,0
ERR1514696,0,0
ERR1514697,0,0
ERR1514698,0,0
ERR1514699,0,0
ERR1514700,0,0
ERR1514701,0,0
ERR1514702,0,0
ERR1514703,0,0
ERR1514704,0,0
ERR1514705,0,0
ERR1514706,0,0
ERR1514707,0,0
ERR1514708,0,0
ERR1514709,0,0
ERR1514710,0,0
ERR1514711,0,0
ERR1514712,0,0
ERR1514713,0,0
ERR1514714,0,0
ERR1514715,0,0
ERR1514716,0,0
ERR1514717,0,0
ERR1514718,0,0
ERR1514719,0,0
ERR1514721,0,0
ERR1514722,0,0
ERR1514723,0,0
ERR1514724,1,0
ERR1514725,0,0
ERR1514726,0,0
ERR1514727,0,0
ERR1514728,0,0
ERR1514729,0,0
ERR1514730,0,0
ERR1514731,0,0
ERR1514732,0,0
ERR1514733,0,0
ERR1514734,0,0
ERR1514735,0,0
ERR1514736,0,0
ERR1514737,0,0
ERR1514738,0,0
ERR1514739,0,0
ERR1514740,0,0
ERR1514741,0,0
ERR1514742,0,0
ERR1514743,0,0
ERR1514744,0,0
ERR1514745,0,0
ERR1514746,0,0
ERR1514747,0,0
ERR1514748,0,0
ERR1514749,0,0
ERR1514750,0,0
ERR1514751,0,0
ERR1514752,0,0
ERR1514753,0,0
ERR1514754,0,0
ERR1514755,0,0
ERR1514756,0,0
ERR1514757,0,0
ERR1514758,0,0
ERR1514759,0,0
ERR1514760,0,0
ERR1514761,0,0
ERR1514762,0,0
ERR1514763,0,0
ERR1514764,0,0
ERR1514765,0,0
ERR1514766,0,0
ERR1514767,0,0
ERR1514768,0,0
ERR1514769,0,0
ERR1514770,0,0
ERR1514771,0,0
ERR1514772,0,0
ERR1514773,0,0
ERR1514774,0,0
ERR1514775,0,0
ERR1514776,0,0
ERR1514777,0,0
ERR1514778,0,0
ERR1514779,0,0
ERR1514780,0,0
ERR1514781,0,0
ERR1514782,1,0
ERR1514783,0,0
ERR1514784,0,0
ERR1514785,0,0
ERR1514786,0,0
ERR1514787,0,0
ERR1514788,0,0
ERR1514789,0,0
ERR1514790,0,0
ERR1514791,0,0
ERR1514792,0,0
ERR1514793,1,0
ERR1514794,0,0
ERR1514795,0,0
ERR1514796,0,0
ERR1514797,0,0
ERR1514798,0,0
ERR1514799,0,0
ERR1514800,0,0
ERR1514801,0,0
ERR1514802,0,0
ERR1514803,0,0
ERR1514804,0,0
ERR1514805,0,0
ERR1514806,0,0
ERR1514807,0,0
ERR1514808,0,0
ERR1514809,0,0
ERR1514810,0,0
ERR1514811,0,0
ERR1514812,0,0
ERR1514813,0,0
ERR1514814,0,0
ERR1514815,0,0
ERR1514816,0,0
ERR1514817,0,0
ERR1514818,0,0
ERR1514819,0,0
ERR1514820,0,0
ERR1514821,0,0
ERR1514822,0,0
ERR1514823,0,0
ERR1514824,0,0
ERR1514825,0,0
ERR1514826,0,0
ERR1514827,1,0
ERR1514828,0,0
ERR1514829,0,0
ERR1514830,0,0
ERR1514831,0,0
ERR1514832,0,0
ERR1514833,0,0
ERR1514834,0,0
ERR1514835,0,0
ERR1514836,0,0
ERR1514837,0,0
ERR1514838,0,0
ERR1514839,0,0
ERR1514840,0,0
ERR1514841,0,0
ERR1514842,0,0
ERR1514843,0,0
ERR1514844,0,0
ERR1514845,0,0
ERR1528125,0,0
ERR1528126,0,0
ERR1528128,0,0
ERR1528129,0,0
ERR1528130,1,0
ERR1528131,0,0
ERR1528132,0,0
ERR1528133,0,0
ERR1528134,0,0
ERR1528135,0,0
ERR1528136,0,0
ERR1528137,0,0
ERR1528138,0,0
ERR1528139,0,0
ERR1528140,0,0
ERR1528141,0,0
ERR1528142,0,0
ERR1528143,0,0
ERR1528144,0,0
ERR1528145,0,0
ERR1528146,0,0
ERR1528147,0,0
ERR1528148,0,0
ERR1528149,0,0
ERR1528150,0,0
ERR1528151,0,0
ERR1528152,0,0
ERR1528153,0,0
ERR1528154,0,0
ERR1528155,0,0
ERR1528156,0,0
ERR1528157,0,0
ERR1528158,0,0
ERR1528159,0,0
ERR1528160,0,0
ERR1528161,0,0
ERR1528162,0,0
ERR1528163,0,0
ERR1528164,0,0
ERR1528165,0,0
ERR1528166,0,0
ERR1528167,0,0
ERR1528168,0,0
ERR1528169,0,0
ERR1528170,0,0
ERR1528171,0,0
ERR1528172,0,0
ERR1528173,0,0
ERR1528174,0,0
ERR1528175,0,0
ERR1528176,0,0
ERR1528177,0,0
ERR1528178,0,0
ERR1528179,0,0
ERR1528180,0,0
ERR1528181,0,0
ERR1528182,0,0
ERR1528183,0,0
ERR1528184,0,0
ERR1528185,0,0
ERR1528186,0,0
ERR1528187,0,0
ERR1528188,0,0
ERR1528189,0,0
ERR1528190,0,0
ERR1528191,0,0
ERR1528192,0,0
ERR1528193,0,0
ERR1528194,0,0
ERR1528195,0,0
ERR1528196,0,0
ERR1528197,0,0
ERR1528198,0,0
ERR1528199,0,0
ERR1528200,0,0
ERR1528201,0,0
ERR1528202,0,0
ERR1528203,0,0
ERR1528204,0,0
ERR1528205,0,0
ERR1528206,0,0
ERR1528207,0,0
ERR1528208,0,0
ERR1528209,0,0
ERR1528210,0,0
ERR1528211,0,0
ERR1528212,0,0
ERR1528213,1,0
ERR1528214,0,0
ERR1528215,0,0
ERR1528216,0,0
ERR1528217,0,0
ERR1528218,0,0
ERR1528219,0,0
ERR1528220,0,0
ERR1528221,0,0
ERR1528222,0,0
ERR1528223,0,0
ERR1528224,0,0
ERR1528225,0,0
ERR1528226,0,0
ERR1528227,0,0
ERR1528228,0,0
ERR1528229,0,0
ERR1528230,0,0
ERR1528231,0,0
ERR1528232,0,0
ERR1528233,0,0
ERR1528234,0,0
ERR1528235,0,0
ERR1528236,0,0
ERR1528237,0,0
ERR1528238,0,0
ERR1528239,0,0
ERR1528240,0,0
ERR1528241,0,0
ERR1528242,0,0
ERR1528243,0,0
ERR1528244,0,0
ERR1528245,0,0
ERR1528246,0,0
ERR1528247,0,0
ERR1528248,0,0
ERR1528249,0,0
ERR1528250,0,0
ERR1528251,0,0
ERR1528252,0,0
ERR1528253,0,0
ERR1528254,0,0
ERR1528255,0,0
ERR1528256,0,0
ERR1528257,0,0
ERR1528258,0,0
ERR1528259,0,0
ERR1528260,0,0
ERR1528261,0,0
ERR1528262,0,0
ERR1528263,0,0
ERR1528264,0,0
ERR1528265,0,0
ERR1528267,0,0
ERR1528268,0,0
ERR1528269,0,0
ERR1528270,0,0
ERR1528271,0,0
ERR1528272,0,0
ERR1528274,1,0
ERR1528275,0,0
ERR1528277,0,0
ERR1528278,0,0
ERR1528280,0,0
ERR1528281,0,0
ERR1528283,0,0
ERR1528285,0,0
ERR1528286,0,0
ERR1528287,0,0
ERR1528288,0,0
ERR1528289,0,0
ERR1528290,0,0
ERR1528291,0,0
ERR1528292,0,0
ERR1528293,0,0
ERR1528294,0,0
ERR1528295,0,0
ERR1528296,0,0
ERR1528297,0,0
ERR1528298,0,0
ERR1528299,0,0
ERR1528300,0,0
ERR1528301,0,0
ERR1528302,0,0
ERR1528303,0,0
ERR1528304,0,0
ERR1528305,0,0
ERR1528306,0,0
ERR1528307,0,0
ERR1528308,0,0
ERR1528309,0,0
ERR1528310,0,0
ERR1528311,0,0
ERR1528312,0,0
ERR1528313,0,0
ERR1528314,0,0
ERR1528315,1,0
ERR1528316,0,0
ERR1528317,0,0
ERR1528318,0,0
ERR1528319,0,0
ERR1528320,0,0
ERR1528321,0,0
ERR1528322,0,0
ERR1528323,0,0
ERR1528324,0,0
ERR1528325,0,0
ERR1528326,0,0
ERR1528327,0,0
ERR1528328,0,0
ERR1528329,0,0
ERR1528330,0,0
ERR1528331,0,0
ERR1528332,0,0
ERR1528333,0,0
ERR1528334,0,0
ERR1549677,0,0
ERR1549678,0,0
ERR1549679,0,0
ERR1549680,0,0
ERR1549681,0,0
ERR1549682,0,0
ERR1549683,0,0
ERR1549684,0,0
ERR1549685,0,0
ERR1549686,0,0
ERR1549687,0,0
ERR1549688,0,0
ERR1549689,0,0
ERR1549690,0,0
ERR1549691,0,0
ERR1549692,0,0
ERR1549693,0,0
ERR1549694,0,0
ERR1549695,0,0
ERR1549696,0,0
ERR1549697,0,0
ERR1549698,0,0
ERR1549699,0,0
ERR1549700,0,0
ERR1549701,0,0
ERR1549702,0,0
ERR1549703,0,0
ERR1549704,0,0
ERR1549705,0,0
ERR1549706,0,0
ERR1549707,0,0
ERR1549708,0,0
ERR1549709,0,0
ERR1549710,0,0
ERR1549711,0,0
ERR1549712,0,0
ERR1549713,0,0
ERR1549714,0,0
ERR1549715,0,0
ERR1549716,0,0
ERR1549717,0,0
ERR1549718,0,0
ERR1549719,0,0
ERR1549720,0,0
ERR1549721,0,0
ERR1549722,0,0
ERR1549723,0,0
ERR1549724,0,0
ERR1549725,0,0
ERR1549726,0,0
ERR1549727,0,0
ERR1549728,0,0
ERR1549729,0,0
ERR1549730,0,0
ERR1549731,0,0
ERR1549732,0,0
ERR1549733,0,0
ERR1549734,0,0
ERR1549735,0,0
ERR1549736,0,0
ERR1549737,0,0
ERR1549738,0,0
ERR1549739,0,0
ERR1549740,0,0
ERR1549741,0,0
ERR1549742,0,0
ERR1549743,0,0
ERR1549744,0,0
ERR1549745,0,0
ERR1549746,0,0
ERR1549747,0,0
ERR1549748,0,0
ERR1549749,0,0
ERR1549750,0,0
ERR1549751,0,0
ERR1549752,0,0
ERR1549753,0,0
ERR1549754,0,0
ERR1549755,0,0
ERR1549756,0,0
ERR1549757,0,0
ERR1549758,0,0
ERR1549759,0,0
ERR1549760,0,0
ERR1549761,0,0
ERR1549762,0,0
ERR1549763,0,0
ERR1549764,0,0
ERR1549765,1,0
ERR1549766,0,0
ERR1549767,0,0
ERR1549768,0,0
ERR1549769,0,0
ERR1549770,0,0
ERR1549771,0,0
ERR1549772,0,0
ERR1549773,0,0
ERR1549774,0,0
ERR1549775,0,0
ERR1549776,0,0
ERR1549777,0,0
ERR1549778,0,0
ERR1549779,0,0
ERR1549780,0,0
ERR1549781,0,0
ERR1549782,0,0
ERR1549783,0,0
ERR1549784,0,0
ERR1549785,0,0
ERR1549786,0,0
ERR1549787,0,0
ERR1549788,0,0
ERR1549789,0,0
ERR1549790,0,0
ERR1549791,0,0
ERR1549792,0,0
ERR1549793,0,0
ERR1555156,0,0
ERR1555157,0,0
ERR1555158,0,0
ERR1555159,0,0
ERR1555160,0,0
ERR1555161,0,0
ERR1555162,0,0
ERR1555163,0,0
ERR1555164,0,0
ERR1555165,1,0
ERR1555166,0,0
ERR1555167,0,0
ERR1555168,0,0
ERR1555169,0,0
ERR1555170,0,0
ERR1555171,0,0
ERR1555172,0,0
ERR1555173,0,0
ERR1555174,0,0
ERR1555175,0,0
ERR1555176,0,0
ERR1555177,0,0
ERR1555178,0,0
ERR1555179,0,0
ERR1555180,0,0
ERR1555181,0,0
ERR1555182,0,0
ERR1555183,0,0
ERR1555184,0,0
ERR1555185,0,0
ERR1555186,0,0
ERR1555187,0,0
ERR1555188,0,0
ERR1555189,1,0
ERR1555190,0,0
ERR1555191,0,0
ERR1555192,0,0
ERR1555193,0,0
ERR1555194,0,0
ERR1555195,0,0
ERR1555196,0,0
ERR1555197,0,0
ERR1555198,0,0
ERR1555199,0,0
ERR1555200,0,0
ERR1555201,0,0
ERR1555202,0,0
ERR1555203,0,0
ERR1555204,0,0
ERR1555205,0,0
ERR1555206,0,0
ERR1555207,0,0
ERR1555208,0,0
ERR1555209,0,0
ERR1555210,0,0
ERR1555211,0,0
ERR1555212,0,0
ERR1555213,0,0
ERR1555214,0,0
ERR1555215,0,0
ERR1555216,0,0
ERR1555217,0,0
ERR1555218,0,0
ERR1555219,0,0
ERR1555220,1,0
ERR1555221,0,0
ERR1555222,1,0
ERR1555223,0,0
ERR1555224,0,0
ERR1555225,0,0
ERR1555226,0,0
ERR1555227,0,0
ERR1555228,0,0
ERR1555229,0,0
ERR1555230,0,0
ERR1555231,0,0
ERR1555232,0,0
ERR1555233,0,0
ERR1555234,0,0
ERR1555235,0,0
ERR1555236,0,0
ERR1555237,0,0
ERR1555238,0,0
ERR1555239,0,0
ERR1555240,0,0
ERR1555241,0,0
ERR1555242,0,0
ERR1555243,1,0
ERR1555244,0,0
ERR1555245,0,0
ERR1555246,0,0
ERR1555247,1,0
ERR1555248,0,0
ERR1555249,0,0
ERR1560774,0,0
ERR1560775,0,0
ERR1560777,1,0
ERR1560778,0,0
ERR1560779,0,0
ERR1560780,0,0
ERR1560781,0,0
ERR1560782,0,0
ERR1560783,0,0
ERR1560784,0,0
ERR1560785,0,0
ERR1560786,0,0
ERR1560787,0,0
ERR1560788,0,0
ERR1560789,0,0
ERR1560790,0,0
ERR1560791,0,0
ERR1560792,0,0
ERR1560793,0,0
ERR1560794,0,0
ERR1560795,0,0
ERR1560796,0,0
ERR1560797,0,0
ERR1560798,0,0
ERR1560799,0,0
ERR1560800,0,0
ERR1560801,0,0
ERR1560802,0,0
ERR1560803,0,0
ERR1560804,0,0
ERR1560805,0,0
ERR1560806,0,0
ERR1560807,0,0
ERR1560808,0,0
ERR1560809,0,0
ERR1560810,0,0
ERR1560811,1,0
ERR1560812,0,0
ERR1560813,0,0
ERR1560814,0,0
ERR1560815,0,0
ERR1560816,0,0
ERR1560817,0,0
ERR1560818,0,0
ERR1560819,0,0
ERR1560820,0,0
ERR1560821,0,0
ERR1560822,0,0
ERR1560823,0,0
ERR1560824,0,0
ERR1560825,0,0
ERR1560826,0,0
ERR1560827,0,0
ERR1560828,0,0
ERR1560829,0,0
ERR1560830,0,0
ERR1560831,0,0
ERR1560832,0,0
ERR1560833,0,0
ERR1560834,0,0
ERR1560835,0,0
ERR1560836,0,0
ERR1560837,0,0
ERR1560838,0,0
ERR1560839,0,0
ERR1560840,0,0
ERR1560841,0,0
ERR1560842,0,0
ERR1560843,0,0
ERR1560844,0,0
ERR1560845,0,0
ERR1560846,0,0
ERR1560847,0,0
ERR1560848,0,0
ERR1560849,0,0
ERR1560850,0,0
ERR1560851,0,0
ERR1560852,0,0
ERR1560853,0,0
ERR1560854,0,0
ERR1560855,0,0
ERR1560856,0,0
ERR1560857,0,0
ERR1560858,0,0
ERR1560859,0,0
ERR1560860,0,0
ERR1560861,0,0
ERR1560862,0,0
ERR1560863,0,0
ERR1560864,0,0
ERR1560865,0,0
ERR1560866,0,0
ERR1560867,0,0
ERR1560868,0,0
ERR1560869,0,0
ERR1560870,0,0
ERR1560871,0,0
ERR1560872,0,0
ERR1560873,0,0
ERR1560874,0,0
ERR1560875,0,0
ERR1560876,0,0
ERR1560877,0,0
ERR1560878,0,0
ERR1560879,0,0
ERR1560880,0,0
ERR1560881,0,0
ERR1560882,0,0
ERR1560883,0,0
ERR1560884,0,0
ERR1560885,1,0
ERR1560886,0,0
ERR1560887,0,0
ERR1560888,0,0
ERR1560889,0,0
ERR1560890,0,0
ERR1560891,0,0
ERR1560892,0,0
ERR1560893,0,0
ERR1560894,0,0
ERR1560895,0,0
ERR1560896,0,0
ERR1560897,0,0
ERR1560898,0,0
ERR1560899,0,0
ERR1560900,0,0
ERR1560901,0,0
ERR1560902,0,0
ERR1560903,0,0
ERR1560904,0,0
ERR1560905,1,0
ERR1560906,1,0
ERR1560907,0,0
ERR1560908,0,0
ERR1560909,0,0
ERR1560910,0,0
ERR1560911,0,0
ERR1560912,1,0
ERR1560913,0,0
ERR1560914,0,0
ERR1560915,0,0
ERR1560916,0,0
ERR1560917,0,0
ERR1560918,0,0
ERR1560919,0,0
ERR1560920,0,0
ERR1560921,0,0
ERR1560922,0,0
ERR1560923,0,0
ERR1560924,0,0
ERR1560925,0,0
ERR1560926,0,0
ERR1560927,0,0
ERR1560928,0,0
ERR1560929,0,0
ERR1560930,0,0
ERR1560931,1,0
ERR1560932,0,0
ERR1560933,0,0
ERR1560934,0,0
ERR1560935,0,0
ERR1560936,0,0
ERR1560937,0,0
ERR1560938,0,0
ERR1560939,0,0
ERR1560940,0,0
ERR1560942,0,0
ERR1560943,0,0
ERR1560944,0,0
ERR1560945,0,0
ERR1560946,0,0
ERR1560947,0,0
ERR1560948,0,0
ERR1560949,0,0
ERR1560950,0,0
ERR1560951,0,0
ERR1560952,0,0
ERR1560953,0,0
ERR1602743,0,0
ERR1602744,0,0
ERR1602745,0,0
ERR1602746,0,0
ERR1602747,0,0
ERR1602748,0,0
ERR1602749,0,0
ERR1602750,1,0
ERR1602751,0,0
ERR1602752,0,0
ERR1602753,0,0
ERR1602754,0,0
ERR1602755,0,0
ERR1602756,0,0
ERR1602757,0,0
ERR1602758,0,0
ERR1602759,0,0
ERR1602760,0,0
ERR1602761,0,0
ERR1602762,0,0
ERR1602763,0,0
ERR1602764,0,0
ERR1602765,0,0
ERR1602766,0,0
ERR1602767,0,0
ERR1602768,0,0
ERR1602769,0,0
ERR1602770,0,0
ERR1602771,0,0
ERR1602772,0,0
ERR1602773,0,0
ERR1602774,1,0
ERR1602775,0,0
ERR1602776,0,0
ERR1602777,0,0
ERR1602778,0,0
ERR1602779,0,0
ERR1602780,0,0
ERR1602781,0,0
ERR1602782,0,0
ERR1602783,0,0
ERR1602784,0,0
ERR1602785,0,0
ERR1602786,0,0
ERR1602787,0,0
ERR1602788,0,0
ERR1602789,0,0
ERR1602790,0,0
ERR1602791,0,0
ERR1602792,0,0
ERR1602793,0,0
ERR1602794,0,0
ERR1602795,0,0
ERR1602796,0,0
ERR1621696,0,0
ERR1621697,0,0
ERR1621698,0,0
ERR1621699,0,0
ERR1621700,0,0
ERR1680294,0,0
ERR1680296,0,0
ERR1680297,0,0
ERR1680298,0,0
ERR1680299,0,0
ERR1680300,0,0
ERR1680301,0,0
ERR1680302,0,0
ERR1680303,0,0
ERR1680304,0,0
ERR1680305,0,0
ERR1680306,0,0
ERR1680307,0,0
ERR1680308,0,0
ERR1680310,0,0
ERR1680311,0,0
ERR1680312,0,0
ERR1680313,0,0
ERR1680314,0,0
ERR1680315,0,0
ERR1680316,0,0
ERR1680317,0,0
ERR1680318,0,0
ERR1680319,0,0
ERR1680320,0,0
ERR1764360,0,0
ERR2133894,0,0
ERR2133895,0,0
ERR2133896,0,0
ERR2133897,0,0
ERR2133898,0,0
ERR2133899,0,0
ERR2133900,0,0
ERR2133901,0,0
ERR2133902,0,0
ERR2133903,0,0
ERR2133904,0,0
ERR2133905,0,0
ERR2133906,0,0
ERR2133907,0,0
ERR2133908,0,0
ERR2133909,0,0
ERR2133910,0,0
ERR2133911,0,0
ERR2133912,0,0
ERR2133913,0,0
ERR2133914,0,0
ERR2133915,0,0
ERR2133916,0,0
ERR2133917,0,0
ERR2133918,0,0
ERR2133919,0,0
ERR2133920,0,0
ERR2133921,0,0
ERR2133922,0,0
ERR2133923,0,0
ERR2133924,0,0
ERR2133925,0,0
ERR2133926,0,0
ERR2133927,0,0
ERR2133928,0,0
ERR2133929,0,0
ERR2133930,0,0
ERR2133931,1,0
ERR2133932,1,0
ERR2133933,0,0
ERR2133934,0,0
ERR2133935,0,0
ERR2133936,0,0
ERR2133937,0,0
ERR2133938,0,0
ERR2133939,0,0
ERR2133940,0,0
ERR2133941,0,0
ERR2133942,0,0
ERR2133943,0,0
ERR2133944,0,0
ERR2133945,0,0
ERR2133946,0,0
ERR2133947,0,0
ERR2133948,0,0
ERR2133949,0,0
ERR2133950,0,0
ERR2133951,0,0
ERR2133952,0,0
ERR2133953,0,0
ERR2133954,0,0
ERR2133955,0,0
ERR2133956,0,0
ERR2133957,1,0
ERR2133958,1,0
ERR2133959,1,0
ERR2133960,0,0
ERR2133961,0,0
ERR2133962,0,0
ERR2133963,0,0
ERR2133964,0,0
ERR2133965,0,0
ERR2133966,0,0
ERR2133967,0,0
ERR2133968,0,0
ERR2133969,0,0
ERR2133970,0,0
ERR2133971,0,0
ERR2133972,0,0
ERR2133973,0,0
ERR2133974,0,0
ERR2133975,0,0
ERR2133976,0,0
ERR2133977,0,0
ERR2133978,0,0
ERR2133979,0,0
ERR2133980,0,0
ERR2133981,0,0
ERR2133982,0,0
ERR2133983,0,0
ERR2133984,0,0
ERR2133985,0,0
ERR2133986,0,0
ERR2133987,0,0
SRR5827018,0,0
SRR5827019,0,0
SRR5827020,0,0
SRR5827021,0,0
SRR5827022,0,0
SRR5827023,0,0
SRR5827024,0,0
SRR5827025,0,0
SRR5827026,0,0
SRR5827027,0,0
SRR5827028,0,0
SRR5827029,0,0
SRR5827030,0,0
SRR5827031,0,0
SRR5827032,0,0
SRR5827033,0,0
SRR5827034,0,0
SRR5827035,0,0
SRR5827036,0,0
SRR5827037,0,0
SRR5827038,0,0
SRR5827039,0,0
SRR5827040,0,0
SRR5827041,0,0
SRR5827042,0,0
SRR5827043,0,0
SRR5827044,0,0
SRR5827045,0,0
SRR5827046,0,0
SRR5827047,0,0
SRR5827048,0,0
SRR5827049,0,0
SRR5827050,0,0
SRR5827051,0,0
SRR5827052,0,0
SRR5827053,0,0
SRR5827054,0,0
SRR5827055,0,0
SRR5827056,0,0
SRR5827057,0,0
SRR5827058,0,0
SRR5827059,0,0
SRR5827060,0,0
SRR5827061,0,0
SRR5827062,0,0
SRR5827063,0,0
SRR5827064,0,0
SRR5827065,0,0
SRR5827066,0,0
SRR5827067,0,0
SRR5827068,0,0
SRR5827069,0,0
SRR5827070,0,0
SRR5827071,0,0
SRR5827072,0,0
SRR5827073,0,0
SRR5827074,0,0
SRR5827075,0,0
SRR5827076,0,0
SRR5827077,0,0
SRR5827078,0,0
SRR5827079,0,0
SRR5827080,0,0
SRR5827081,0,0
SRR5827082,0,0
SRR5827083,0,0
SRR5827084,0,0
SRR5827085,0,0
SRR5827086,0,0
SRR5827087,0,0
SRR5827088,0,0
SRR5827089,0,0
SRR5827090,0,0
SRR5827091,0,0
SRR5827092,0,0
SRR5827093,0,0
SRR5827094,0,0
SRR5827095,0,0
SRR5827096,0,0
SRR5827097,0,0
SRR5827098,0,0
SRR5827099,0,0
SRR5827100,0,0
SRR5827101,0,0
SRR5827102,0,0
SRR5827103,0,0
SRR5827104,0,0
SRR5827105,0,0
SRR5827106,0,0
SRR5827107,0,0
SRR5827108,0,0
SRR5827109,0,0
SRR5827110,0,0
SRR5827111,0,0
SRR5827112,0,0
SRR5827113,0,0
SRR5827114,0,0
SRR5827115,0,0
SRR5827116,0,0
SRR5827117,0,0
SRR5827118,0,0
SRR5827119,0,0
SRR5827120,0,0
SRR5827121,0,0
SRR5827122,0,0
SRR5827123,0,0
SRR5827124,0,0
SRR5827125,0,0
SRR5827126,0,0
SRR5827127,0,0
SRR5827128,1,0
SRR5827129,0,0
SRR5827130,0,0
SRR5827131,0,0
SRR5827132,0,0
SRR5827133,0,0
SRR5827134,0,0
SRR5827135,0,0
SRR5827136,0,0
SRR5827137,0,0
SRR5827138,0,0
SRR5827139,0,0
SRR5827140,0,0
SRR5827141,0,0
SRR5827142,0,0
SRR5827143,0,0
SRR5827144,0,0
SRR5827145,0,0
SRR5827146,0,0
SRR5827147,0,0
SRR5827148,0,0
SRR5827149,0,0
SRR5827150,0,0
SRR5827151,0,0
SRR5827152,0,0
SRR5827153,0,0
SRR5827154,0,0
SRR5827155,0,0
SRR5827156,0,0
SRR5827157,0,0
SRR5827158,0,0
SRR5827159,0,0
SRR5827160,0,0
SRR5827161,0,0
SRR5827162,0,0
SRR5827163,0,0
SRR5827164,0,0
SRR5827165,0,0
SRR5827166,0,0
SRR5827167,0,0
SRR5827168,0,0
SRR5827169,0,0
SRR5827170,0,0
SRR5827171,0,0
SRR5827172,0,0
SRR5827173,0,0
SRR5827174,0,0
SRR5827175,0,0
SRR5827176,0,0
SRR5827177,0,0
SRR5827178,0,0
SRR5827179,0,0
SRR5827180,0,0
SRR5827181,0,0
SRR5827182,0,0
SRR5827183,0,0
SRR5827184,0,0
SRR5827185,0,0
SRR5827186,0,0
SRR5827187,0,0
SRR5827188,0,0
SRR5827189,0,0
SRR5827190,0,0
SRR5827191,0,0
SRR5827192,0,0
SRR5827193,0,0
SRR5827194,0,0
SRR5827195,0,0
SRR5827196,0,0
SRR5827197,0,0
SRR5827198,0,0
SRR5827199,0,0
SRR5827200,0,0
SRR5827201,0,0
SRR5827202,0,0
SRR5827203,0,0
SRR5827204,0,0
SRR5827205,0,0
SRR5827206,0,0
SRR5827207,0,0
SRR5827208,0,0
SRR5827209,0,0
SRR5827210,0,0
SRR5827211,0,0
SRR5827212,0,0
SRR5827213,0,0
SRR5827214,0,0
SRR5827215,0,0
SRR5827216,0,0
SRR5827218,0,0
SRR5827219,0,0
SRR5827220,0,0
SRR5827221,0,0
SRR5827222,0,0
SRR5827223,0,0
SRR5827224,0,0
SRR5827225,0,0
SRR5827226,0,0
SRR5827227,0,0
SRR5827228,0,0
SRR5827229,0,0
SRR5827230,0,0
SRR5827231,0,0
SRR5827232,0,0
SRR5827233,0,0
SRR5827234,0,0
SRR5827235,0,0
SRR5827236,0,0
SRR5827237,0,0
SRR5827238,0,0
SRR5827239,0,0
SRR5827240,0,0
SRR5827241,0,0
SRR5827242,0,0
SRR5827243,0,0
SRR5827244,0,0
SRR5827245,0,0
SRR5827246,0,0
SRR5827247,0,0
SRR5827248,0,0
SRR5827249,0,0
SRR5827250,0,0
SRR5827251,0,0
SRR5827252,0,0
SRR5827253,0,0
SRR5827254,0,0
SRR5827255,0,0
SRR5827256,0,0
SRR5827257,0,0
SRR5827258,0,0
SRR5827259,0,0
SRR5827260,0,0
SRR5827261,0,0
SRR5827262,0,0
SRR5827263,0,0
SRR5827264,0,0
SRR5827265,0,0
SRR5827266,0,0
SRR5827267,0,0
SRR5827268,0,0
SRR5827269,0,0
SRR5827270,0,0
SRR5827271,0,0
SRR5827272,0,0
SRR5827273,0,0
SRR5827274,0,0
SRR5827275,0,0
SRR5827276,0,0
SRR5827277,1,0
SRR5827278,0,0
SRR5827279,0,0
SRR5827280,0,0
SRR5827281,0,0
SRR5827282,0,0
SRR5827283,0,0
SRR5827284,0,0
SRR5827285,0,0
SRR5827286,0,0
SRR5827287,0,0
SRR5827288,0,0
SRR5827289,0,0
SRR5827290,0,0
SRR5827291,0,0
SRR5827292,0,0
SRR5827293,0,0
SRR5827294,0,0
SRR5827295,0,0
SRR5827296,0,0
SRR5827297,0,0
SRR5827298,0,0
SRR5827299,0,0
SRR5827300,0,0
SRR5827301,0,0
SRR5827302,0,0
SRR5827303,0,0
SRR5827304,0,0
SRR5827305,0,0
SRR5827306,0,0
SRR5827307,0,0
SRR5827308,0,0
SRR5827309,0,0
SRR5827310,0,0
SRR5827311,0,0
SRR5827312,0,0
SRR5827313,0,0
SRR5827314,0,0
SRR5827315,0,0
SRR5827316,0,0
SRR5827317,0,0
SRR5827318,0,0
SRR5827319,0,0
SRR5827320,0,0
SRR5827321,0,0
SRR5827322,0,0
SRR5827323,0,0
SRR5827324,0,0
SRR5827325,0,0
SRR5827326,0,0
SRR5827327,0,0
SRR5827328,0,0
SRR5827329,0,0
SRR5827330,0,0
SRR5827331,0,0
SRR5827332,0,0
SRR5827333,0,0
SRR5827334,0,0
SRR5827335,0,0
SRR5827336,0,0
SRR5827337,0,0
SRR5827338,0,0
SRR5827339,0,0
SRR5827340,0,0
SRR5827341,0,0
SRR5827342,0,0
SRR5827343,0,0
SRR5827344,0,0
SRR5827345,0,0
SRR5827346,0,0
SRR5827347,0,0
SRR5827348,0,0
SRR5827349,0,0
SRR5827350,0,0
SRR5827351,0,0
SRR5827352,0,0
SRR5827353,0,0
SRR5827354,0,0
SRR5827355,0,0
SRR5827356,0,0
SRR5827357,0,0
SRR5827358,0,0
SRR5827359,0,0
SRR5827360,0,0
SRR5827361,0,0
SRR5827362,0,0
SRR5827363,0,0
SRR5827364,0,0
SRR5827365,0,0
SRR5827366,0,0
SRR5827367,0,0
SRR5827368,0,0
SRR5827369,0,0
SRR5827370,0,0
SRR5827371,0,0
SRR5827372,0,0
SRR5827373,0,0
SRR5827374,0,0
SRR5827375,0,0
SRR5827376,0,0
SRR5827377,0,0
SRR5827378,0,0
SRR5827379,0,0
SRR5827380,0,0
SRR5827381,0,0
SRR5827382,0,0
SRR5827383,0,0
SRR5827384,0,0
SRR5827385,0,0
SRR5827386,0,0
SRR5827387,0,0
SRR5827388,0,0
SRR5827389,0,0
SRR5827390,0,0
SRR5827391,0,0
SRR5827392,0,0
SRR5827393,0,0
SRR5827394,0,0
SRR5827395,0,0
SRR5827396,0,0
SRR5827397,0,0
SRR5827398,0,0
SRR5827399,0,0
SRR5827400,0,0
SRR5827401,0,0
SRR5827402,0,0
SRR5827403,0,0
SRR5827404,0,0
SRR5827405,0,0
SRR5827406,0,0
SRR5827407,0,0
SRR5827408,0,0
SRR5827409,0,0
SRR5827410,0,0
SRR5827411,0,0
SRR5827412,0,0
SRR5827413,0,0
SRR5827414,0,0
SRR5827415,0,0
17966_3#11,0,0
17966_3#12,0,0
17966_3#13,0,0
17966_3#14,0,0
17966_3#15,0,0
17966_3#16,0,0
17966_3#17,0,0
17966_3#18,0,0
17966_3#19,0,0
17966_3#20,0,0
17966_3#21,0,0
17966_3#22,0,0
17966_3#23,0,0
17966_3#24,1,0
17966_3#25,0,0
17966_3#26,0,0
17966_3#27,0,0
17966_3#28,0,0
17966_3#29,0,0
17966_3#30,0,0
17966_3#31,0,0
17966_3#32,0,0
17966_3#33,0,0
17966_3#34,0,0
17966_3#35,0,0
17966_3#36,0,0
17966_3#37,0,0
17966_3#40,0,0
17966_3#41,1,0
17966_3#42,0,0
17966_3#43,0,0
17966_3#44,0,0
17966_3#45,0,0
17966_3#46,1,0
17966_3#51,0,0
17966_3#52,0,0
21242_3#10,0,0
21242_3#101,1,0
21242_3#103,0,0
21242_3#107,1,0
21242_3#108,1,0
21242_3#109,1,0
21242_3#11,0,0
21242_3#110,0,0
21242_3#112,0,0
21242_3#113,0,0
21242_3#114,0,0
21242_3#115,0,0
21242_3#116,0,0
21242_3#117,0,0
21242_3#119,0,0
21242_3#12,0,0
21242_3#120,0,0
21242_3#122,0,0
21242_3#123,0,0
21242_3#124,0,0
21242_3#125,0,0
21242_3#126,1,0
21242_3#127,1,0
21242_3#128,0,0
21242_3#13,1,0
21242_3#132,0,0
21242_3#133,0,0
21242_3#134,0,0
21242_3#135,0,0
21242_3#136,0,0
21242_3#137,0,0
21242_3#138,0,0
21242_3#139,0,0
21242_3#14,0,0
21242_3#140,0,0
21242_3#141,0,0
21242_3#142,0,0
21242_3#145,0,0
21242_3#146,0,0
21242_3#147,0,0
21242_3#148,0,0
21242_3#149,0,0
21242_3#15,0,0
21242_3#150,0,0
21242_3#151,0,0
21242_3#152,0,0
21242_3#153,1,0
21242_3#154,0,0
21242_3#155,0,0
21242_3#156,0,0
21242_3#157,0,0
21242_3#158,0,0
21242_3#159,0,0
21242_3#16,0,0
21242_3#161,0,0
21242_3#162,0,0
21242_3#163,0,0
21242_3#164,1,0
21242_3#165,0,0
21242_3#166,0,0
21242_3#167,0,0
21242_3#168,0,0
21242_3#169,1,0
21242_3#17,0,0
21242_3#171,1,0
21242_3#172,0,0
21242_3#173,0,0
21242_3#174,1,0
21242_3#175,0,0
21242_3#176,0,0
21242_3#178,0,0
21242_3#179,0,0
21242_3#18,0,0
21242_3#180,1,0
21242_3#181,0,0
21242_3#182,0,0
21242_3#183,0,0
21242_3#184,0,0
21242_3#185,0,0
21242_3#188,0,0
21242_3#19,0,0
21242_3#2,0,0
21242_3#21,0,0
21242_3#22,0,0
21242_3#23,0,0
21242_3#24,0,0
21242_3#25,1,0
21242_3#26,0,0
21242_3#27,0,0
21242_3#28,0,0
21242_3#29,0,0
21242_3#3,1,0
21242_3#30,0,0
21242_3#31,0,0
21242_3#32,0,0
21242_3#33,0,0
21242_3#34,0,0
21242_3#35,0,0
21242_3#36,0,0
21242_3#37,0,0
21242_3#38,0,0
21242_3#39,0,0
21242_3#4,0,0
21242_3#40,1,0
21242_3#41,0,0
21242_3#42,0,0
21242_3#43,0,0
21242_3#44,0,0
21242_3#45,0,0
21242_3#46,0,0
21242_3#47,0,0
21242_3#48,0,0
21242_3#49,0,0
21242_3#50,0,1
21242_3#51,0,0
21242_3#52,0,0
21242_3#53,0,0
21242_3#54,1,0
21242_3#55,0,0
21242_3#56,0,0
21242_3#57,0,0
21242_3#58,0,0
21242_3#59,0,0
21242_3#6,0,0
21242_3#60,0,0
21242_3#61,0,0
21242_3#62,0,0
21242_3#63,0,0
21242_3#64,0,0
21242_3#65,0,0
21242_3#7,0,0
21242_3#73,0,0
21242_3#74,0,0
21242_3#75,0,0
21242_3#76,0,0
21242_3#77,0,0
21242_3#78,0,0
21242_3#79,0,0
21242_3#8,0,0
21242_3#80,0,0
21242_3#81,0,0
21242_3#82,0,0
21242_3#86,0,0
21242_3#87,0,0
21242_3#88,0,0
21242_3#89,0,0
21242_3#9,0,0
21242_3#90,1,0
21242_3#91,0,0
21242_3#92,0,0
21242_3#93,0,0
21242_3#94,0,0
21242_3#95,0,0
21242_3#96,0,0
21242_3#97,0,0
21242_3#98,0,0
21242_4#1,0,0
21242_4#10,0,0
21242_4#100,0,0
21242_4#101,0,0
21242_4#102,0,0
21242_4#103,0,0
21242_4#104,0,0
21242_4#105,0,0
21242_4#106,0,0
21242_4#107,0,0
21242_4#108,0,0
21242_4#109,0,0
21242_4#11,0,0
21242_4#110,0,0
21242_4#111,0,0
21242_4#115,0,0
21242_4#117,0,0
21242_4#12,0,0
21242_4#122,1,0
21242_4#123,1,0
21242_4#124,1,0
21242_4#125,0,0
21242_4#126,0,0
21242_4#127,0,0
21242_4#128,0,0
21242_4#129,0,0
21242_4#13,0,0
21242_4#130,0,0
21242_4#131,0,0
21242_4#132,0,0
21242_4#133,0,0
21242_4#14,0,0
21242_4#15,0,0
21242_4#16,0,0
21242_4#17,0,0
21242_4#18,1,0
21242_4#19,0,0
21242_4#2,0,0
21242_4#20,0,0
21242_4#21,0,0
21242_4#22,0,0
21242_4#23,0,0
21242_4#24,0,0
21242_4#25,0,0
21242_4#26,0,0
21242_4#27,0,0
21242_4#28,0,0
21242_4#3,0,0
21242_4#30,0,0
21242_4#31,1,0
21242_4#36,0,0
21242_4#38,1,0
21242_4#39,0,0
21242_4#4,0,0
21242_4#40,0,0
21242_4#41,0,0
21242_4#42,0,0
21242_4#43,0,0
21242_4#44,0,0
21242_4#45,0,0
21242_4#46,0,0
21242_4#47,0,0
21242_4#48,0,0
21242_4#49,0,0
21242_4#5,0,0
21242_4#51,0,0
21242_4#52,0,0
21242_4#53,0,0
21242_4#54,0,0
21242_4#55,0,0
21242_4#56,0,0
21242_4#57,1,0
21242_4#58,0,0
21242_4#59,0,0
21242_4#6,0,0
21242_4#60,0,0
21242_4#61,0,0
21242_4#62,0,0
21242_4#63,0,0
21242_4#64,0,0
21242_4#65,0,0
21242_4#66,0,0
21242_4#67,0,0
21242_4#68,0,0
21242_4#69,0,0
21242_4#7,0,0
21242_4#70,0,0
21242_4#71,1,0
21242_4#72,0,0
21242_4#73,0,0
21242_4#74,0,0
21242_4#75,0,0
21242_4#76,0,0
21242_4#77,0,0
21242_4#78,0,0
21242_4#8,0,0
21242_4#80,0,0
21242_4#81,0,0
21242_4#82,0,0
21242_4#83,0,0
21242_4#84,0,0
21242_4#85,0,0
21242_4#86,0,0
21242_4#87,0,0
21242_4#88,0,0
21242_4#89,0,0
21242_4#9,0,0
21242_4#90,0,0
21242_4#91,0,0
21242_4#92,0,0
21242_4#93,1,0
21242_4#94,0,0
21242_4#95,0,0
21242_4#96,0,0
21242_4#97,0,0
21242_4#98,0,0
21242_4#99,1,0
21485_4#10,1,0
21485_4#11,1,0
21485_4#12,0,0
21485_4#13,0,0
21485_4#14,0,0
21485_4#16,0,0
21485_4#17,0,0
21485_4#18,0,0
21485_4#19,0,0
21485_4#20,0,0
21485_4#21,0,0
21485_4#22,0,0
21485_4#23,0,0
21485_4#24,0,0
21485_4#25,0,0
21485_4#26,1,0
21485_4#27,0,0
21485_4#28,0,0
21485_4#29,0,0
21485_4#30,0,0
21485_4#32,1,0
21485_4#33,0,0
21485_4#34,0,0
21485_4#35,0,0
21485_4#36,0,0
21485_4#37,0,0
21485_4#38,0,0
21485_4#39,0,0
21485_4#40,1,0
21485_4#41,1,0
21485_4#9,0,0
25818_2#1,0,0
25818_2#10,0,0
25818_2#11,0,0
25818_2#13,0,0
25818_2#14,0,0
25818_2#15,0,0
25818_2#16,0,0
25818_2#163,0,0
25818_2#164,1,0
25818_2#165,0,0
25818_2#166,0,0
25818_2#167,0,0
25818_2#168,1,0
25818_2#169,1,0
25818_2#17,0,0
25818_2#170,0,0
25818_2#171,0,0
25818_2#172,0,0
25818_2#173,0,0
25818_2#174,1,0
25818_2#175,0,0
25818_2#176,0,0
25818_2#177,0,0
25818_2#178,0,0
25818_2#179,0,0
25818_2#18,0,0
25818_2#180,0,0
25818_2#181,0,0
25818_2#182,0,0
25818_2#183,0,0
25818_2#184,0,0
25818_2#185,1,0
25818_2#186,1,0
25818_2#187,1,0
25818_2#188,0,0
25818_2#189,0,0
25818_2#19,0,0
25818_2#191,0,0
25818_2#192,0,0
25818_2#193,0,0
25818_2#194,1,0
25818_2#195,0,0
25818_2#196,0,0
25818_2#197,0,0
25818_2#198,0,0
25818_2#199,0,0
25818_2#2,0,0
25818_2#20,0,0
25818_2#200,0,0
25818_2#201,0,0
25818_2#202,0,0
25818_2#204,0,0
25818_2#205,0,0
25818_2#206,0,0
25818_2#207,0,0
25818_2#208,0,0
25818_2#209,1,0
25818_2#21,0,0
25818_2#210,0,0
25818_2#211,0,0
25818_2#212,0,0
25818_2#213,0,0
25818_2#214,0,0
25818_2#215,0,0
25818_2#216,0,0
25818_2#217,0,0
25818_2#218,0,0
25818_2#219,0,0
25818_2#22,0,0
25818_2#220,0,0
25818_2#221,0,0
25818_2#222,0,0
25818_2#223,0,0
25818_2#224,0,0
25818_2#225,0,0
25818_2#226,0,0
25818_2#227,0,0
25818_2#228,0,0
25818_2#229,0,0
25818_2#23,0,0
25818_2#230,0,0
25818_2#231,0,0
25818_2#232,0,0
25818_2#233,0,0
25818_2#234,0,0
25818_2#235,0,0
25818_2#236,0,0
25818_2#237,0,0
25818_2#238,0,0
25818_2#239,0,0
25818_2#24,0,0
25818_2#240,0,0
25818_2#241,0,0
25818_2#242,1,0
25818_2#243,0,0
25818_2#244,0,0
25818_2#245,0,0
25818_2#246,0,0
25818_2#247,0,0
25818_2#248,0,0
25818_2#249,0,0
25818_2#25,0,0
25818_2#250,1,0
25818_2#251,0,0
25818_2#252,0,0
25818_2#254,0,0
25818_2#255,0,0
25818_2#257,0,0
25818_2#258,0,0
25818_2#259,1,0
25818_2#26,0,0
25818_2#260,0,0
25818_2#261,1,0
25818_2#262,0,0
25818_2#263,0,0
25818_2#264,0,0
25818_2#265,1,0
25818_2#267,0,0
25818_2#268,0,0
25818_2#269,0,0
25818_2#27,0,0
25818_2#270,0,0
25818_2#271,0,0
25818_2#272,0,0
25818_2#273,0,0
25818_2#274,1,0
25818_2#275,1,0
25818_2#276,0,0
25818_2#277,0,0
25818_2#278,0,0
25818_2#279,0,0
25818_2#28,0,0
25818_2#280,0,0
25818_2#281,0,0
25818_2#282,0,0
25818_2#283,1,0
25818_2#284,0,0
25818_2#285,1,0
25818_2#286,0,0
25818_2#287,0,0
25818_2#288,0,0
25818_2#289,0,0
25818_2#29,1,0
25818_2#290,0,0
25818_2#291,0,0
25818_2#292,0,0
25818_2#293,0,0
25818_2#294,0,0
25818_2#295,0,0
25818_2#296,0,0
25818_2#297,0,0
25818_2#298,0,0
25818_2#299,0,0
25818_2#3,0,0
25818_2#30,0,0
25818_2#300,0,0
25818_2#301,1,0
25818_2#302,0,0
25818_2#303,0,0
25818_2#304,0,0
25818_2#305,0,0
25818_2#306,0,0
25818_2#307,0,0
25818_2#308,0,0
25818_2#309,0,0
25818_2#31,0,0
25818_2#310,0,0
25818_2#311,0,0
25818_2#312,0,0
25818_2#313,0,0
25818_2#314,0,0
25818_2#316,0,0
25818_2#320,0,0
25818_2#321,0,0
25818_2#322,0,0
25818_2#323,0,0
25818_2#33,1,0
25818_2#34,0,0
25818_2#35,0,0
25818_2#36,0,0
25818_2#37,0,0
25818_2#38,0,0
25818_2#39,0,0
25818_2#4,0,0
25818_2#40,0,0
25818_2#41,0,0
25818_2#42,0,0
25818_2#43,0,0
25818_2#44,0,0
25818_2#45,1,0
25818_2#46,0,0
25818_2#47,0,0
25818_2#48,0,0
25818_2#5,0,0
25818_2#6,0,0
25818_2#7,0,0
25818_2#8,0,0
25818_3#221,0,0
25818_3#222,0,0
25818_3#223,0,0
25818_3#224,0,0
25818_3#225,0,0
25818_3#226,0,0
25818_3#227,0,0
25818_3#228,0,0
25818_3#229,0,0
25818_3#230,0,0
25818_3#231,0,0
25818_3#232,0,0
25818_3#233,0,0
25818_3#234,0,0
25818_3#235,0,0
25818_3#236,0,0
25818_3#237,0,0
25818_3#238,0,0
25818_3#239,0,0
25818_3#240,1,0
25818_3#241,0,0
25818_3#242,0,0
25818_3#243,0,0
25818_3#244,0,0
25818_3#245,0,0
25818_3#246,0,0
25818_3#247,0,0
25818_3#248,0,0
25818_3#249,0,0
25818_3#250,0,0
25818_3#251,0,0
25818_3#252,0,0
25818_3#253,0,0
25818_3#254,0,0
25818_3#255,0,0
25818_3#256,0,0
25818_3#257,0,0
25818_3#258,0,0
25818_3#259,0,0
25818_3#260,0,0
25818_3#261,0,0
25818_3#262,0,0
25818_3#263,0,0
25818_3#264,0,0
25818_3#265,0,0
25818_3#266,0,0
25818_3#267,0,0
25818_3#268,0,0
25818_3#269,0,0
25818_3#270,0,0
25818_3#271,0,0
25818_3#272,1,0
25818_3#273,0,0
25818_3#274,0,0
25818_3#275,1,0
25818_3#276,0,0
25818_3#277,0,0
25818_3#278,0,0
25818_3#279,0,0
25818_3#280,0,0
25818_3#281,0,0
25818_3#282,0,0
25818_3#283,0,0
25818_3#284,0,0
25818_3#285,0,0
25818_3#286,0,0
25818_3#287,0,0
25818_3#288,0,0
25818_3#289,0,0
25818_3#290,0,0
25818_3#291,0,0
25818_3#292,0,0
25818_3#293,0,0
25818_3#294,0,0
25818_3#295,0,0
25818_3#296,0,0
25818_3#297,0,0
25818_3#298,0,0
25818_3#299,0,0
25818_3#300,0,0
25818_3#301,0,0
25818_3#302,0,0
25818_3#303,0,0
25818_3#304,0,0
25818_3#305,1,0
25818_3#306,0,0
25818_3#307,0,0
25818_3#308,0,0
25818_3#309,0,0
25818_3#310,0,0
25818_3#311,0,0
25818_3#312,0,0
25818_3#313,0,0
25818_3#314,0,0
25818_3#315,0,0
25818_3#316,0,0
25818_3#317,0,0
25818_3#318,0,0
25818_3#319,0,0
25818_3#320,0,0
25818_3#321,0,0
25818_3#322,0,0
25818_3#323,0,0
25818_3#324,0,0
25818_3#325,0,0
25818_3#326,0,0
25818_3#327,0,0
25818_3#328,0,0
25818_3#329,0,0
25818_3#330,0,0
25818_3#331,1,0
25818_3#332,0,0
25818_3#333,0,0
25818_3#334,0,0
25818_3#335,0,0
25818_3#336,0,0
25818_3#337,0,0
25818_3#338,0,0
25818_3#339,0,0
25818_3#340,0,0
25818_3#341,0,0
25818_3#342,1,0
25818_3#343,0,0
25818_3#344,0,0
25818_3#345,0,0
25818_3#346,0,0
25818_3#347,1,0
25818_3#348,0,0
25818_3#349,0,0
25818_3#350,0,0
25818_3#351,0,0
25818_3#352,0,0
25818_3#353,0,0
25818_3#354,0,0
25818_3#355,0,0
25818_3#356,0,0
25818_3#357,0,0
25818_3#358,0,0
25818_3#359,0,0
25818_3#360,0,0
25818_3#361,0,0
25818_3#362,0,0
25818_3#363,0,0
25818_3#364,0,0
25818_3#365,0,0
25818_3#366,0,0
25818_3#367,0,0
25818_3#368,1,0
25818_3#369,0,0
25818_3#370,0,0
25818_3#371,0,0
25818_3#372,0,0
25818_3#373,0,0
25818_3#374,0,0
25818_3#375,0,0
25818_3#376,0,0
25818_3#377,0,0
25818_3#378,0,0
25818_3#379,1,0
25818_3#380,0,0
25818_3#381,0,0
25818_3#382,0,0
25818_3#383,0,0
25825_2#1,0,0
25825_2#10,0,0
25825_2#100,0,0
25825_2#101,0,0
25825_2#102,0,0
25825_2#103,0,0
25825_2#104,0,0
25825_2#105,0,0
25825_2#106,0,0
25825_2#107,0,0
25825_2#108,1,0
25825_2#109,0,0
25825_2#11,0,0
25825_2#110,0,0
25825_2#111,0,0
25825_2#112,0,0
25825_2#113,0,0
25825_2#114,0,0
25825_2#115,1,0
25825_2#116,0,0
25825_2#117,0,0
25825_2#118,0,0
25825_2#119,0,0
25825_2#12,0,0
25825_2#120,0,0
25825_2#121,0,0
25825_2#122,0,0
25825_2#123,0,0
25825_2#124,0,0
25825_2#125,0,0
25825_2#126,0,0
25825_2#127,0,0
25825_2#128,0,0
25825_2#129,0,0
25825_2#13,1,0
25825_2#130,0,0
25825_2#131,0,0
25825_2#132,0,0
25825_2#133,1,0
25825_2#134,0,0
25825_2#135,0,0
25825_2#136,0,0
25825_2#137,0,0
25825_2#138,0,0
25825_2#139,0,0
25825_2#14,1,0
25825_2#140,0,0
25825_2#141,0,0
25825_2#142,0,0
25825_2#143,1,0
25825_2#144,0,0
25825_2#145,0,0
25825_2#146,0,0
25825_2#147,0,0
25825_2#148,0,0
25825_2#149,0,0
25825_2#15,0,0
25825_2#150,0,0
25825_2#151,0,0
25825_2#152,0,0
25825_2#153,0,0
25825_2#154,0,0
25825_2#155,0,0
25825_2#156,0,0
25825_2#157,0,0
25825_2#158,0,0
25825_2#159,1,0
25825_2#16,0,0
25825_2#160,0,0
25825_2#161,0,0
25825_2#162,0,0
25825_2#163,0,0
25825_2#164,0,0
25825_2#165,0,0
25825_2#166,0,0
25825_2#167,0,0
25825_2#168,0,0
25825_2#169,0,0
25825_2#17,1,0
25825_2#170,0,0
25825_2#171,0,0
25825_2#172,0,0
25825_2#173,0,0
25825_2#174,0,0
25825_2#175,0,0
25825_2#176,0,0
25825_2#177,0,0
25825_2#178,0,0
25825_2#179,0,0
25825_2#18,0,0
25825_2#180,0,0
25825_2#181,0,0
25825_2#182,0,0
25825_2#183,0,0
25825_2#184,1,0
25825_2#186,0,0
25825_2#187,0,0
25825_2#188,0,0
25825_2#189,0,0
25825_2#19,0,0
25825_2#190,0,0
25825_2#191,0,0
25825_2#2,0,0
25825_2#20,0,0
25825_2#21,0,0
25825_2#22,0,0
25825_2#23,0,0
25825_2#24,0,0
25825_2#25,0,0
25825_2#26,0,0
25825_2#27,0,0
25825_2#28,0,0
25825_2#29,0,0
25825_2#3,1,0
25825_2#30,0,0
25825_2#31,0,0
25825_2#32,0,0
25825_2#33,0,0
25825_2#34,0,0
25825_2#35,0,0
25825_2#36,0,0
25825_2#37,0,0
25825_2#38,0,0
25825_2#39,0,0
25825_2#4,0,0
25825_2#40,0,0
25825_2#41,0,0
25825_2#42,0,0
25825_2#43,0,0
25825_2#44,0,0
25825_2#45,1,0
25825_2#46,0,0
25825_2#47,0,0
25825_2#48,0,0
25825_2#49,0,0
25825_2#5,0,0
25825_2#50,1,0
25825_2#51,0,0
25825_2#52,1,0
25825_2#53,0,0
25825_2#54,1,0
25825_2#55,1,0
25825_2#56,0,0
25825_2#57,0,0
25825_2#58,0,0
25825_2#59,0,0
25825_2#6,0,0
25825_2#60,0,0
25825_2#61,0,0
25825_2#62,1,0
25825_2#63,0,0
25825_2#64,0,0
25825_2#65,0,0
25825_2#66,0,0
25825_2#67,0,0
25825_2#68,0,0
25825_2#69,1,0
25825_2#7,0,0
25825_2#70,0,0
25825_2#71,0,0
25825_2#72,0,0
25825_2#74,0,0
25825_2#75,0,0
25825_2#76,0,0
25825_2#77,0,0
25825_2#78,0,0
25825_2#79,0,0
25825_2#8,0,0
25825_2#80,0,0
25825_2#81,0,0
25825_2#82,0,0
25825_2#83,0,0
25825_2#84,1,0
25825_2#85,0,0
25825_2#86,0,0
25825_2#87,0,0
25825_2#88,0,0
25825_2#89,1,0
25825_2#9,1,0
25825_2#90,0,0
25825_2#91,1,0
25825_2#92,0,0
25825_2#93,0,0
25825_2#94,0,0
25825_2#96,0,0
25825_2#97,0,0
25825_2#98,0,0
25825_2#99,0,0
SRR7226377,0,0
SRR7226378,0,0
SRR7226379,0,0
SRR7226381,0,0
SRR7226384,0,0
SRR7226385,0,0
SRR7226386,0,0
SRR7226387,1,0
SRR7226388,0,0
SRR7226389,0,0
SRR7226390,0,0
SRR7226391,0,0
SRR7226392,0,0
SRR7226393,0,0
SRR7226394,0,0
SRR7226395,0,0
SRR7226396,0,0
SRR7226397,0,0
SRR7226398,0,0
SRR7226399,0,0
SRR7226400,0,0
SRR7226401,0,0
SRR7226402,0,0
SRR7226403,0,0
SRR7226404,0,0
SRR7226405,0,0
SRR7226406,0,0
SRR7226407,0,0
SRR7226408,0,0
SRR7226409,0,0
SRR7226410,0,0
SRR7226411,0,0
SRR7226412,0,0
SRR7226413,0,1
SRR7226414,0,0
SRR7226415,0,0
SRR7226416,0,0
SRR7226418,0,0
SRR7226419,0,0
ERR349886,0,0
ERR349895,0,0
ERR349896,0,0
ERR349897,0,0
ERR349900,0,0
ERR349901,0,0
ERR349903,0,0
ERR349904,0,0
ERR349887,0,0
ERR349906,0,0
ERR349908,0,0
ERR349909,0,0
ERR349910,0,0
ERR349912,0,0
ERR349914,1,0
ERR349888,0,0
ERR349915,0,0
ERR349916,0,0
ERR349918,0,0
ERR349920,0,0
ERR349921,0,0
ERR349922,0,0
ERR349923,0,0
ERR349924,0,0
ERR349889,0,0
ERR349925,0,0
ERR349926,0,0
ERR349927,0,0
ERR349928,0,0
ERR349929,0,0
ERR349930,0,0
ERR349932,0,0
ERR349933,0,0
ERR349934,0,0
ERR349890,0,0
ERR349935,0,0
ERR349936,0,0
ERR349937,0,0
ERR349939,0,0
ERR349942,0,0
ERR349943,0,0
ERR349891,0,0
ERR349945,0,0
ERR349948,0,0
ERR349951,0,0
ERR349952,0,0
ERR349953,0,0
ERR349954,0,0
ERR349892,0,0
ERR349956,0,0
ERR349957,0,0
ERR349959,0,0
ERR349960,0,0
ERR349961,0,0
ERR349962,0,0
ERR349963,0,0
ERR349893,0,0
ERR349965,0,0
ERR349967,0,0
ERR349968,0,0
ERR349969,0,0
ERR349970,0,0
ERR349971,0,0
ERR349972,0,0
ERR349973,0,0
ERR349974,0,0
ERR349894,0,0
ERR349976,0,0
ERR349977,0,0
ERR349978,0,0
ERR349979,1,0
ERR363576,0,0
ERR363585,0,0
ERR363587,0,1
ERR363588,0,0
ERR363589,0,0
ERR363591,0,0
ERR363592,0,0
ERR363593,0,0
ERR363594,0,0
ERR363577,0,0
ERR363596,0,0
ERR363597,0,0
ERR363598,0,0
ERR363599,0,0
ERR363600,0,0
ERR363601,0,0
ERR363602,0,0
ERR363603,0,0
ERR363604,0,0
ERR363578,0,0
ERR363605,0,0
ERR363607,0,0
ERR363608,0,0
ERR363609,0,0
ERR363610,0,0
ERR363611,0,1
ERR363612,0,0
ERR363613,0,0
ERR363614,0,0
ERR363579,0,0
ERR363615,0,0
ERR363616,0,0
ERR363619,0,0
ERR363620,0,0
ERR363621,0,0
ERR363622,0,0
ERR363623,0,0
ERR363624,0,0
ERR363625,0,0
ERR363627,0,0
ERR363628,0,0
ERR363629,0,0
ERR363630,0,0
ERR363631,0,0
ERR363633,0,0
ERR363634,0,0
ERR363581,0,0
ERR363635,0,0
ERR363636,0,0
ERR363638,0,0
ERR363639,0,0
ERR363640,0,0
ERR363641,0,0
ERR363642,0,0
ERR363643,0,0
ERR363644,0,0
ERR363645,0,0
ERR363646,0,0
ERR363647,0,0
ERR363648,0,0
ERR363649,0,0
ERR363650,0,0
ERR363652,0,0
ERR363653,0,0
ERR363583,0,0
ERR363655,0,0
ERR363656,0,0
ERR363657,0,0
ERR363658,0,1
ERR363659,0,1
ERR363660,0,0
ERR363662,0,0
ERR363664,0,0
ERR363584,0,0
ERR363665,0,0
ERR363666,0,0
ERR363667,0,0
ERR363668,0,0
ERR363669,0,0
ERR363670,0,0
ERR388280,0,0
ERR388289,0,0
ERR388290,0,0
ERR388291,0,0
ERR388294,0,0
ERR388295,0,0
ERR388296,0,0
ERR388297,0,0
ERR388298,0,0
ERR388281,0,0
ERR388299,0,0
ERR388300,0,0
ERR388302,0,0
ERR388303,0,0
ERR388306,0,0
ERR388307,0,0
ERR388308,0,0
ERR388282,0,0
ERR388309,0,0
ERR388310,0,0
ERR388311,0,0
ERR388312,0,0
ERR388313,1,0
ERR388314,0,0
ERR388316,0,0
ERR388317,1,0
ERR388318,0,0
ERR388319,0,0
ERR388320,0,0
ERR388321,0,0
ERR388322,0,0
ERR388323,0,0
ERR388324,0,0
ERR388325,0,0
ERR388326,0,0
ERR388327,0,0
ERR388328,0,0
ERR388284,0,0
ERR388329,0,0
ERR388330,0,0
ERR388331,0,0
ERR388332,0,0
ERR388333,0,0
ERR388334,0,0
ERR388335,0,0
ERR388336,0,0
ERR388337,0,0
ERR388338,0,0
ERR388285,0,0
ERR388339,0,0
ERR388340,0,0
ERR388341,0,0
ERR388342,0,0
ERR388343,0,0
ERR388345,0,0
ERR388346,0,0
ERR388347,0,0
ERR388348,0,0
ERR388286,0,0
ERR388349,0,0
ERR388350,0,0
ERR388351,0,0
ERR388352,0,0
ERR388353,0,0
ERR388354,0,0
ERR388355,0,0
ERR388356,0,0
ERR388357,0,0
ERR388358,0,0
ERR388287,0,0
ERR388359,0,0
ERR388360,0,0
ERR388361,0,0
ERR388362,0,0
ERR388363,0,0
ERR388364,0,0
ERR388366,0,0
ERR388367,0,0
ERR388368,0,0
ERR388288,0,0
ERR388369,0,0
ERR388371,0,0
ERR388372,0,0
ERR388373,0,0
ERR388374,0,0
ERR388375,0,0
ERR388384,0,0
ERR388385,0,0
ERR388386,0,0
ERR388387,0,0
ERR388388,0,0
ERR388389,0,0
ERR388390,0,0
ERR388391,0,0
ERR388392,0,0
ERR388393,0,0
ERR388376,0,0
ERR388394,0,0
ERR388395,0,0
ERR388396,0,0
ERR388397,0,0
ERR388398,0,0
ERR388399,0,0
ERR388400,0,0
ERR388401,0,0
ERR388402,0,0
ERR388403,0,0
ERR388377,0,0
ERR388404,0,0
ERR388405,0,0
ERR388406,0,0
ERR388407,0,0
ERR388408,0,0
ERR388409,0,0
ERR388411,0,0
ERR388412,0,0
ERR388413,0,0
ERR388414,0,0
ERR388415,0,0
ERR388416,0,0
ERR388417,0,0
ERR388418,0,0
ERR388419,0,0
ERR388422,0,0
ERR388423,0,0
ERR388379,0,0
ERR388424,0,0
ERR388425,0,0
ERR388426,0,0
ERR388427,0,0
ERR388428,0,0
ERR388429,0,0
ERR388430,0,0
ERR388431,0,0
ERR388432,0,0
ERR388433,0,0
ERR388380,0,0
ERR388434,0,0
ERR388435,0,0
ERR388436,0,0
ERR388437,0,0
ERR388438,0,0
ERR388439,0,0
ERR388440,0,0
ERR388441,0,0
ERR388442,0,0
ERR388443,0,0
ERR388445,0,0
ERR388446,0,0
ERR388447,0,0
ERR388448,0,0
ERR388449,0,0
ERR388450,0,0
ERR388451,0,0
ERR388452,0,0
ERR388453,0,0
ERR388454,0,0
ERR388455,0,0
ERR449465,0,0
ERR449466,0,0
ERR449467,0,0
ERR449468,0,0
ERR449469,0,0
ERR449457,0,0
ERR449480,0,0
ERR449481,0,0
ERR449482,0,0
ERR449483,0,0
ERR449458,0,0
ERR449484,0,0
ERR449485,0,0
ERR449486,0,0
ERR449487,0,0
ERR449488,0,0
ERR449489,0,0
ERR449490,0,0
ERR449491,0,0
ERR449492,0,0
ERR449459,0,0
ERR449493,0,0
ERR449494,0,0
ERR449495,0,0
ERR449496,0,0
ERR449497,0,0
ERR449498,0,0
ERR449499,0,0
ERR449500,0,0
ERR449501,0,0
ERR449460,0,0
ERR449502,0,0
ERR449503,0,0
ERR449504,0,0
ERR449505,0,0
ERR449506,0,0
ERR449507,0,0
ERR449508,0,0
ERR449509,0,0
ERR449510,0,0
ERR449511,0,0
ERR449461,0,0
ERR449512,0,0
ERR449513,0,0
ERR449514,0,0
ERR449515,0,0
ERR449516,0,0
ERR449521,0,0
ERR449522,0,0
ERR449523,0,0
ERR449524,0,0
ERR449525,0,0
ERR485166,0,0
ERR485167,0,0
ERR485168,0,0
ERR485169,0,0
ERR485170,0,0
ERR485171,0,0
ERR485172,0,0
ERR502238,0,0
ERR502239,0,0
ERR349898,0,0
ERR349899,0,0
ERR349905,0,0
ERR363586,0,0
ERR363606,0,0
ERR388420,0,0
ERR388421,0,0
ERR388381,0,0
DRR117952,0,0
DRR117953,0,0
DRR117957,0,0
DRR117958,0,0
DRR117959,0,0
DRR117960,0,0
DRR117961,0,0
DRR117962,0,0
DRR117963,0,0
DRR117964,0,0
DRR117966,0,0
DRR117967,0,0
DRR117968,0,0
DRR117969,0,0
DRR117970,0,1
DRR117972,0,0
DRR117973,0,0
DRR117974,0,0
DRR117975,0,1
DRR117976,0,0
DRR117977,0,0
DRR117978,0,0
DRR117980,0,0
DRR117981,0,0
DRR117982,0,0
DRR117983,0,1
DRR117984,0,0
DRR117985,0,0
DRR117990,0,0
DRR117991,0,0
DRR117992,0,0
DRR117993,0,0
DRR117994,0,0
DRR117995,0,0
DRR117996,0,0
DRR124690,0,0
DRR124691,0,0
DRR124692,0,0
DRR124693,0,0
DRR124694,0,0
DRR124695,1,0
DRR124696,0,0
DRR124697,0,0
DRR124698,0,0
DRR124699,0,0
DRR124700,0,0
DRR124701,0,0
DRR124702,0,0
DRR124703,0,0
DRR124704,0,0
DRR124705,0,0
DRR124706,0,0
DRR124707,0,0
DRR124708,0,0
DRR124709,0,0
DRR124710,1,0
DRR124711,0,0
DRR124712,0,0
DRR124713,0,0
DRR124714,0,0
DRR124715,0,0
DRR124716,0,0
DRR124717,0,0
DRR124718,1,0
DRR124719,0,0
DRR124720,0,0
DRR124721,0,0
DRR124722,0,0
DRR124723,1,0
DRR124724,0,0
DRR124725,0,0
DRR124726,0,0
DRR124727,0,0
DRR124728,0,0
DRR124729,0,0
DRR124730,1,0
DRR124731,1,0
DRR124732,1,0
DRR124733,1,0
DRR124734,0,0
DRR124735,0,0
DRR124736,0,0
DRR124737,1,0
DRR124738,1,0
DRR124739,0,0
DRR124740,0,0
DRR124741,0,0
DRR124742,0,0
DRR124743,1,0
DRR124744,1,0
DRR124745,1,0
DRR124746,0,0
DRR124747,0,0
DRR124748,0,0
DRR124749,0,0
DRR124750,0,0
DRR124751,0,0
DRR124752,0,0
DRR124753,0,0
DRR124754,0,0
DRR124755,0,0
DRR124756,0,0
DRR124757,0,0
DRR124758,0,0
DRR124759,0,0
DRR124760,0,0
DRR124761,0,0
DRR124762,0,0
DRR124763,0,0
DRR124764,0,0
DRR124765,0,0
DRR124766,0,0
DRR124767,0,0
DRR124768,1,0
DRR124769,0,0
DRR124770,0,0
DRR124771,0,0
DRR124772,0,0
DRR124773,0,0
DRR124774,0,0
DRR124775,0,0
DRR124776,0,0
DRR124777,0,0
DRR124778,0,0
DRR124779,0,0
DRR124780,0,0
DRR124781,0,0
DRR124782,0,0
DRR124783,0,0
DRR124784,0,0
DRR124785,0,1
DRR124786,0,1
DRR124787,0,0
DRR124788,0,0
DRR124789,0,0
DRR124790,0,0
DRR124791,0,0
DRR124792,0,0
DRR124793,1,0
DRR124794,0,0
DRR124795,0,0
DRR124796,0,1
DRR124797,0,0
DRR124798,0,0
DRR124799,0,0
DRR124800,0,0
DRR124801,0,0
DRR124802,0,0
DRR124803,0,0
DRR124804,0,0
DRR124805,0,0
DRR124806,0,0
DRR124807,0,0
DRR124808,0,0
DRR124809,0,0
DRR124810,0,0
DRR124811,0,0
DRR124812,0,0
DRR124813,0,0
DRR124814,0,0
DRR124815,0,0
DRR124816,0,0
DRR124817,0,0
DRR124818,0,0
DRR124819,0,0
DRR124820,1,0
DRR124821,0,0
DRR124822,0,0
DRR124823,0,0
DRR124824,0,0
DRR124825,0,0
DRR124826,0,0
DRR124827,0,0
DRR124828,0,0
DRR124829,0,0
DRR124830,0,0
DRR124831,0,0
DRR124832,0,0
DRR124833,1,0
DRR124834,0,0
DRR124835,0,0
DRR124836,0,0
DRR124837,0,0
DRR124838,0,0
DRR124839,0,0
DRR124840,0,0
DRR124841,0,0
DRR124842,0,0
DRR124843,0,0
DRR124844,0,0
DRR124845,0,0
DRR124846,1,0
DRR124847,0,0
DRR124848,0,0
DRR124849,0,0
DRR124850,0,0
DRR124851,1,0
DRR124852,0,0
DRR124853,1,0
DRR124854,0,0
DRR124855,0,0
DRR124856,0,0
DRR124857,0,0
DRR124858,1,0
DRR124859,1,0
DRR124860,0,0
DRR124861,1,0
DRR124862,0,0
DRR124863,0,0
DRR124864,0,0
DRR124865,0,0
DRR124866,0,0
DRR124867,1,0
DRR124868,0,0
DRR124869,0,1
DRR124870,0,0
DRR124871,0,0
DRR124872,0,0
DRR124873,0,0
DRR124874,1,0
DRR124875,0,0
DRR124876,0,0
DRR124877,0,0
DRR124878,0,0
DRR124879,0,0
DRR124880,0,0
DRR124881,0,0
DRR124882,0,1
DRR124883,0,0
DRR124884,0,0
DRR124885,1,0
DRR124886,0,0
DRR124887,0,0
DRR124888,0,0
DRR124889,0,0
DRR124890,0,0
DRR124891,0,0
DRR124892,1,0
DRR124893,0,0
DRR129083,0,0
DRR129084,0,0
DRR129085,0,0
DRR129086,0,0
DRR129087,0,0
DRR129088,0,0
DRR129089,0,0
DRR129090,0,0
DRR129091,0,0
DRR129092,0,0
DRR129093,0,0
DRR129094,0,0
DRR129095,0,0
DRR129096,0,0
DRR129097,0,0
DRR129098,0,0
DRR129099,0,0
DRR129100,0,0
DRR129101,0,0
DRR129102,0,0
DRR129103,0,0
